"Path","Base"
"models/rtcircle.mdl","rtcircle"
"models/bullets/w_pbullet1.mdl","w_pbullet1"
"models/bullets/w_pbullet2.mdl","w_pbullet2"
"models/items/sniper_round_box.mdl","sniper_round_box"
"models/items/tfa/ar2_grenade.mdl","ar2_grenade"
"models/items/tfa/boxar2grenades.mdl","boxar2grenades"
"models/tfa/lbeam.mdl","lbeam"
"models/tfa/pistolshell.mdl","pistolshell"
"models/tfa/rifleshell.mdl","rifleshell"
"models/tfa/shotgunshell.mdl","shotgunshell"
"models/weapons/c_crowbar_frame.mdl","c_crowbar_frame"
"models/weapons/w_tfa_arrow.mdl","w_tfa_arrow"
"models/wystan/attachments/acog.mdl","acog"
"models/wystan/attachments/aimpoint.mdl","aimpoint"
"models/wystan/attachments/akrailmount.mdl","akrailmount"
"models/wystan/attachments/doctorrds.mdl","doctorrds"
"models/wystan/attachments/eotech557sight.mdl","eotech557sight"
"models/wystan/attachments/rail.mdl","rail"
"models/wystan/attachments_tfa/acog.mdl","acog"
"models/wystan/attachments_tfa/aimpoint.mdl","aimpoint"
"models/wystan/attachments_tfa/akrailmount.mdl","akrailmount"
"models/wystan/attachments_tfa/doctorrds.mdl","doctorrds"
"models/wystan/attachments_tfa/eotech557sight.mdl","eotech557sight"
"models/wystan/attachments_tfa/rail.mdl","rail"
"models/cultist/heads/gibs/gib_head.mdl","gib_head"
"models/cultist/heads/male/bor_heads/bor_head.mdl","bor_head"
"models/cultist/heads/male/bor_heads/shaky_bor_head.mdl","shaky_bor_head"
"models/cultist/heads/male/fat_heads/male_fat_01.mdl","male_fat_01"
"models/cultist/heads/male/fat_heads/male_fat_02.mdl","male_fat_02"
"models/cultist/heads/male/fat_heads/male_fat_03.mdl","male_fat_03"
"models/cultist/humans/corpse.mdl","corpse"
"models/cultist/humans/chaos/chaos.mdl","chaos"
"models/cultist/humans/chaos/fat/chaos_fat.mdl","chaos_fat"
"models/cultist/humans/chaos/hands/c_arms_chaos.mdl","c_arms_chaos"
"models/cultist/humans/chaos/heads/head_main.mdl","head_main"
"models/cultist/humans/chaos/head_gear/beret.mdl","beret"
"models/cultist/humans/chaos/head_gear/helmet.mdl","helmet"
"models/cultist/humans/chaos/items/claymore_mine.mdl","claymore_mine"
"models/cultist/humans/class_d/class_d.mdl","class_d"
"models/cultist/humans/class_d/class_d_bor_new.mdl","class_d_bor_new"
"models/cultist/humans/class_d/class_d_cleaner.mdl","class_d_cleaner"
"models/cultist/humans/class_d/class_d_cleaner_female.mdl","class_d_cleaner_female"
"models/cultist/humans/class_d/class_d_fat_new.mdl","class_d_fat_new"
"models/cultist/humans/class_d/class_d_female.mdl","class_d_female"
"models/cultist/humans/class_d/class_d_hacker_new.mdl","class_d_hacker_new"
"models/cultist/humans/class_d/hands/c_arms_class_d.mdl","c_arms_class_d"
"models/cultist/humans/class_d/head_gear/cleaner_cap.mdl","cleaner_cap"
"models/cultist/humans/class_d/head_gear/hacker_hat.mdl","hacker_hat"
"models/cultist/humans/class_d/shaky/class_d_bor_new.mdl","class_d_bor_new"
"models/cultist/humans/class_d/shaky/class_d_fat_new.mdl","class_d_fat_new"
"models/cultist/humans/cultists/cultist.mdl","cultist"
"models/cultist/humans/cultists/hands/c_arms_cult.mdl","c_arms_cult"
"models/cultist/humans/dz/dz.mdl","dz"
"models/cultist/humans/dz/hands/c_arms_dz.mdl","c_arms_dz"
"models/cultist/humans/fbi/fbi.mdl","fbi"
"models/cultist/humans/fbi/fbi_agent.mdl","fbi_agent"
"models/cultist/humans/fbi/hands/c_arms_fbi.mdl","c_arms_fbi"
"models/cultist/humans/fbi/hands/c_arms_fbi_agent.mdl","c_arms_fbi_agent"
"models/cultist/humans/fbi/heads/agent_specialist_head.mdl","agent_specialist_head"
"models/cultist/humans/fbi/heads/head_main.mdl","head_main"
"models/cultist/humans/fbi/head_gear/beret.mdl","beret"
"models/cultist/humans/fbi/head_gear/cap_com.mdl","cap_com"
"models/cultist/humans/fbi/head_gear/fbi_agent_hat.mdl","fbi_agent_hat"
"models/cultist/humans/fbi/head_gear/helmet.mdl","helmet"
"models/cultist/humans/fbi/weapons/knife/v_knife_fbi.mdl","v_knife_fbi"
"models/cultist/humans/fbi/weapons/knife/w_knife_fbi.mdl","w_knife_fbi"
"models/cultist/humans/fbi/weapons/revolver/v_38rev.mdl","v_38rev"
"models/cultist/humans/fbi/weapons/revolver/w_38rev.mdl","w_38rev"
"models/cultist/humans/fbi/weapons/revolver/upgrades/a_speedloader_rev.mdl","a_speedloader_rev"
"models/cultist/humans/goc/goc.mdl","goc"
"models/cultist/humans/goc/hands/c_arms_goc.mdl","c_arms_goc"
"models/cultist/humans/goc/head/helmet_1.mdl","helmet_1"
"models/cultist/humans/goc/head/helmet_2.mdl","helmet_2"
"models/cultist/humans/goc/head/helmet_3.mdl","helmet_3"
"models/cultist/humans/goc/head/helmet_4.mdl","helmet_4"
"models/cultist/humans/mog/dispatch_male.mdl","dispatch_male"
"models/cultist/humans/mog/head_site.mdl","head_site"
"models/cultist/humans/mog/mog.mdl","mog"
"models/cultist/humans/mog/mog_hazmat.mdl","mog_hazmat"
"models/cultist/humans/mog/mog_jagger.mdl","mog_jagger"
"models/cultist/humans/mog/sexy_mog_hazmat.mdl","sexy_mog_hazmat"
"models/cultist/humans/mog/special_security.mdl","special_security"
"models/cultist/humans/mog/hands/c_arms_admin.mdl","c_arms_admin"
"models/cultist/humans/mog/hands/c_arms_hazmat.mdl","c_arms_hazmat"
"models/cultist/humans/mog/hands/c_arms_jagger.mdl","c_arms_jagger"
"models/cultist/humans/mog/hands/c_arms_mog.mdl","c_arms_mog"
"models/cultist/humans/mog/heads/gk_boss_head.mdl","gk_boss_head"
"models/cultist/humans/mog/heads/head_main.mdl","head_main"
"models/cultist/humans/mog/head_gear/cap_engi.mdl","cap_engi"
"models/cultist/humans/mog/head_gear/hat_leftenant.mdl","hat_leftenant"
"models/cultist/humans/mog/head_gear/helmet_beret.mdl","helmet_beret"
"models/cultist/humans/mog/head_gear/jugger_helmet.mdl","jugger_helmet"
"models/cultist/humans/mog/head_gear/mog_helmet.mdl","mog_helmet"
"models/cultist/humans/mog/head_gear/mog_helmet_2.mdl","mog_helmet_2"
"models/cultist/humans/mog/mask/mask_gasmask.mdl","mask_gasmask"
"models/cultist/humans/ntf/ntf.mdl","ntf"
"models/cultist/humans/ntf/hands/c_arms_ntf.mdl","c_arms_ntf"
"models/cultist/humans/ntf/heads/head_main.mdl","head_main"
"models/cultist/humans/ntf/heads/head_pilot.mdl","head_pilot"
"models/cultist/humans/ntf/head_gear/head_helmet.mdl","head_helmet"
"models/cultist/humans/ntf/head_gear/helmet_beret.mdl","helmet_beret"
"models/cultist/humans/ntf/head_gear/ntf_sniper_head.mdl","ntf_sniper_head"
"models/cultist/humans/ntf/head_gear/ntf_special_head.mdl","ntf_special_head"
"models/cultist/humans/obr/obr_new.mdl","obr_new"
"models/cultist/humans/obr/hands/c_arms_obr_new.mdl","c_arms_obr_new"
"models/cultist/humans/obr/heads/head_main.mdl","head_main"
"models/cultist/humans/obr/head_gear/helmet_1.mdl","helmet_1"
"models/cultist/humans/obr/head_gear/helmet_beret.mdl","helmet_beret"
"models/cultist/humans/obr/head_gear/helmet_cap.mdl","helmet_cap"
"models/cultist/humans/sci/class_d_bor.mdl","class_d_bor"
"models/cultist/humans/sci/class_d_fat.mdl","class_d_fat"
"models/cultist/humans/sci/dispatch.mdl","dispatch"
"models/cultist/humans/sci/hazmat_1.mdl","hazmat_1"
"models/cultist/humans/sci/hazmat_2.mdl","hazmat_2"
"models/cultist/humans/sci/scientist.mdl","scientist"
"models/cultist/humans/sci/scientist_boss.mdl","scientist_boss"
"models/cultist/humans/sci/scientist_female.mdl","scientist_female"
"models/cultist/humans/sci/hands/c_arms_hazmat_1.mdl","c_arms_hazmat_1"
"models/cultist/humans/sci/hands/c_arms_hazmat_2.mdl","c_arms_hazmat_2"
"models/cultist/humans/sci/hands/c_arms_sci.mdl","c_arms_sci"
"models/cultist/humans/sci/heads/sci_boss_head.mdl","sci_boss_head"
"models/cultist/humans/scp_special_scp/special_1.mdl","special_1"
"models/cultist/humans/scp_special_scp/special_2.mdl","special_2"
"models/cultist/humans/scp_special_scp/special_3.mdl","special_3"
"models/cultist/humans/scp_special_scp/special_4.mdl","special_4"
"models/cultist/humans/scp_special_scp/special_5.mdl","special_5"
"models/cultist/humans/scp_special_scp/special_6.mdl","special_6"
"models/cultist/humans/scp_special_scp/special_7.mdl","special_7"
"models/cultist/humans/scp_special_scp/special_8.mdl","special_8"
"models/cultist/humans/scp_special_scp/special_9.mdl","special_9"
"models/cultist/humans/scp_special_scp/arms/sci_1_hands.mdl","sci_1_hands"
"models/cultist/humans/scp_special_scp/arms/sci_2_hands.mdl","sci_2_hands"
"models/cultist/humans/scp_special_scp/arms/sci_3_hands.mdl","sci_3_hands"
"models/cultist/humans/scp_special_scp/arms/sci_4_hands.mdl","sci_4_hands"
"models/cultist/humans/scp_special_scp/arms/sci_5_hands.mdl","sci_5_hands"
"models/cultist/humans/scp_special_scp/arms/sci_6_hands.mdl","sci_6_hands"
"models/cultist/humans/scp_special_scp/arms/sci_7_hands.mdl","sci_7_hands"
"models/cultist/humans/scp_special_scp/arms/sci_8_hands.mdl","sci_8_hands"
"models/cultist/humans/scp_special_scp/arms/sci_9_hands.mdl","sci_9_hands"
"models/cultist/humans/security/security.mdl","security"
"models/cultist/humans/security/thiccboy.mdl","thiccboy"
"models/cultist/humans/security/hands/c_arms_security.mdl","c_arms_security"
"models/cultist/humans/security/heads/head_main.mdl","head_main"
"models/cultist/humans/security/head_gear/fragvest.mdl","fragvest"
"models/cultist/humans/security/head_gear/gasmask_j_scp.mdl","gasmask_j_scp"
"models/cultist/humans/security/head_gear/helmet.mdl","helmet"
"models/cultist/humans/security/head_gear/helmet_beret.mdl","helmet_beret"
"models/cultist/humans/security/head_gear/helmet_cap.mdl","helmet_cap"
"models/cultist/humans/security/head_gear/helmet_glass.mdl","helmet_glass"
"models/cultist/humans/security/head_gear/helmet_glass_2.mdl","helmet_glass_2"
"models/infected/anim_charger.mdl","anim_charger"
"models/infected/anim_hulk.mdl","anim_hulk"
"models/infected/anim_smoker.mdl","anim_smoker"
"models/shaky/heads/head_gp.mdl","head_gp"
"models/shaky/humans/class_d/head_gear/cleaner_cap.mdl","cleaner_cap"
"models/shaky/humans/class_d/head_gear/cleaner_cap_female.mdl","cleaner_cap_female"
"models/cultist/gasvent.mdl","gasvent"
"models/cultist/doors/door_frame_hcz_new.mdl","door_frame_hcz_new"
"models/cultist/doors/elevator_door_new.mdl","elevator_door_new"
"models/cultist/doors/hz_door_new.mdl","hz_door_new"
"models/cultist/doors/new_lcz_door.mdl","new_lcz_door"
"models/cultist/doors/scp_door_frame.mdl","scp_door_frame"
"models/cultist/doors/scp_door_new.mdl","scp_door_new"
"models/cultist_props/helipad.mdl","helipad"
"models/cultist_props/helipad_ladder.mdl","helipad_ladder"
"models/cult_props/labels.mdl","labels"
"models/cult_props/light_big.mdl","light_big"
"models/cult_props/office_cube.mdl","office_cube"
"models/cult_props/scp_pred.mdl","scp_pred"
"models/cult_props/tesla_new.mdl","tesla_new"
"models/cult_props/zone_signs.mdl","zone_signs"
"models/cult_props/860/860tree_group.mdl","860tree_group"
"models/cult_props/860/860tree_group2.mdl","860tree_group2"
"models/cult_props/gates/gate_exit.mdl","gate_exit"
"models/cult_props/gates/new_gate_down.mdl","new_gate_down"
"models/cult_props/gates/new_gate_up.mdl","new_gate_up"
"models/cult_props/gates/scp_door_left.mdl","scp_door_left"
"models/cult_props/gates/scp_door_right.mdl","scp_door_right"
"models/cult_props/gates/scp_gate_frame.mdl","scp_gate_frame"
"models/cult_props/gates/bunker_gates/bunker_door_left.mdl","bunker_door_left"
"models/cult_props/gates/bunker_gates/bunker_door_right.mdl","bunker_door_right"
"models/cult_props/gates/bunker_gates/bunker_frame.mdl","bunker_frame"
"models/cult_props/gates/scp_gates/scp_gate_doorframe.mdl","scp_gate_doorframe"
"models/cult_props/gates/scp_gates/scp_gate_door_left.mdl","scp_gate_door_left"
"models/cult_props/gates/scp_gates/scp_gate_door_right.mdl","scp_gate_door_right"
"models/custom/br_site65/unique_window_frame_0.mdl","unique_window_frame_0"
"models/de_inferno/bench_wood.mdl","bench_wood"
"models/foundation/detail/drawer_small.mdl","drawer_small"
"models/foundation/detail/table.mdl","table"
"models/foundation/doors/door_frame.mdl","door_frame"
"models/gibs/props_junk/coffeemug01b_p1.mdl","coffeemug01b_p1"
"models/gibs/props_junk/coffeemug01b_p2.mdl","coffeemug01b_p2"
"models/gibs/props_junk/coffeemug01b_p3.mdl","coffeemug01b_p3"
"models/gibs/props_office/computer_monitor04_p1.mdl","computer_monitor04_p1"
"models/gibs/props_office/computer_monitor04_p2.mdl","computer_monitor04_p2"
"models/gibs/props_office/computer_monitor04_p3.mdl","computer_monitor04_p3"
"models/gibs/props_office/waterdispencer_p1.mdl","waterdispencer_p1"
"models/gibs/props_office/waterdispencer_p2.mdl","waterdispencer_p2"
"models/gibs/props_office/waterdispencer_p3.mdl","waterdispencer_p3"
"models/hybridphysx/cloudperimetergeo_fixed_bigger.mdl","cloudperimetergeo_fixed_bigger"
"models/jimonions/fern03.mdl","fern03"
"models/mechanics/gears2/vert_12t1.mdl","vert_12t1"
"models/models/cult_props/gates/bunker_gates/bunker_door_left.mdl","bunker_door_left"
"models/models/cult_props/gates/bunker_gates/bunker_door_right.mdl","bunker_door_right"
"models/models/cult_props/gates/bunker_gates/bunker_frame.mdl","bunker_frame"
"models/newmap_props/light_inset.mdl","light_inset"
"models/newmap_props/streetlight_large_01.mdl","streetlight_large_01"
"models/newmap_props/streetlight_medium_01.mdl","streetlight_medium_01"
"models/newmap_props/cs_assault/forklift.mdl","forklift"
"models/newmap_props/cultist/doors/elevator_door_new.mdl","elevator_door_new"
"models/newmap_props/cultist/doors/hz_door_new.mdl","hz_door_new"
"models/newmap_props/de_prodigy/pushcart.mdl","pushcart"
"models/newmap_props/framework/895_stairs_fix.mdl","895_stairs_fix"
"models/newmap_props/noundation/containment/door01.mdl","door01"
"models/newmap_props/noundation/containment/door01_frame.mdl","door01_frame"
"models/newmap_props/noundation/containment/door01_sealed.mdl","door01_sealed"
"models/newmap_props/noundation/containment/door02.mdl","door02"
"models/newmap_props/noundation/containment/door02_frame.mdl","door02_frame"
"models/newmap_props/noundation/detail/wallsection_gate_a.mdl","wallsection_gate_a"
"models/newmap_props/props_pipes/pipeset08d_128_001a.mdl","pipeset08d_128_001a"
"models/newmap_props/props_pipes/pipeset08d_512_001a.mdl","pipeset08d_512_001a"
"models/newmap_props/props_pipes/pipeset08d_corner128d_001a.mdl","pipeset08d_corner128d_001a"
"models/newmap_props/props_pipes/pipeset08d_corner128l_001a.mdl","pipeset08d_corner128l_001a"
"models/next_breach/big_table.mdl","big_table"
"models/next_breach/door_frame_sealed.mdl","door_frame_sealed"
"models/next_breach/entrance_button.mdl","entrance_button"
"models/next_breach/entrance_door.mdl","entrance_door"
"models/next_breach/gas_monitor.mdl","gas_monitor"
"models/next_breach/hcz_keycard_panel.mdl","hcz_keycard_panel"
"models/next_breach/keycard_panel.mdl","keycard_panel"
"models/next_breach/light_cz_door.mdl","light_cz_door"
"models/next_breach/new_door_frame_all.mdl","new_door_frame_all"
"models/next_breach/office_door.mdl","office_door"
"models/next_breach/toilet_door.mdl","toilet_door"
"models/next_breach/elev/elevator_b_down.mdl","elevator_b_down"
"models/next_breach/elev/elevator_b_top.mdl","elevator_b_top"
"models/noundation/handrail_bridge_stairs.mdl","handrail_bridge_stairs"
"models/noundation/cell/bed.mdl","bed"
"models/noundation/cell/frame.mdl","frame"
"models/noundation/cell/sink.mdl","sink"
"models/noundation/cell/table.mdl","table"
"models/noundation/containment/door01.mdl","door01"
"models/noundation/containment/door01_frame.mdl","door01_frame"
"models/noundation/containment/door01_sealed.mdl","door01_sealed"
"models/noundation/containment/door02.mdl","door02"
"models/noundation/containment/door02_frame.mdl","door02_frame"
"models/noundation/detail/arch_gate_b.mdl","arch_gate_b"
"models/noundation/detail/bathroom_sink.mdl","bathroom_sink"
"models/noundation/detail/beams_chamber173.mdl","beams_chamber173"
"models/noundation/detail/beams_room173.mdl","beams_room173"
"models/noundation/detail/crate_01.mdl","crate_01"
"models/noundation/detail/crate_02.mdl","crate_02"
"models/noundation/detail/crate_03.mdl","crate_03"
"models/noundation/detail/crate_939.mdl","crate_939"
"models/noundation/detail/desk.mdl","desk"
"models/noundation/detail/detail_chamber173.mdl","detail_chamber173"
"models/noundation/detail/detail_room106.mdl","detail_room106"
"models/noundation/detail/detail_room173.mdl","detail_room173"
"models/noundation/detail/detail_room2nuke.mdl","detail_room2nuke"
"models/noundation/detail/detail_room513.mdl","detail_room513"
"models/noundation/detail/detail_room682.mdl","detail_room682"
"models/noundation/detail/drawer_large.mdl","drawer_large"
"models/noundation/detail/drawer_small.mdl","drawer_small"
"models/noundation/detail/electrical_room3.mdl","electrical_room3"
"models/noundation/detail/elevator_frame_939.mdl","elevator_frame_939"
"models/noundation/detail/fence_079.mdl","fence_079"
"models/noundation/detail/fence_corner.mdl","fence_corner"
"models/noundation/detail/fence_door.mdl","fence_door"
"models/noundation/detail/fence_gate.mdl","fence_gate"
"models/noundation/detail/fence_room106.mdl","fence_room106"
"models/noundation/detail/fence_room3.mdl","fence_room3"
"models/noundation/detail/fence_short_straight.mdl","fence_short_straight"
"models/noundation/detail/fence_straight.mdl","fence_straight"
"models/noundation/detail/file_cabinet.mdl","file_cabinet"
"models/noundation/detail/handrail_205.mdl","handrail_205"
"models/noundation/detail/handrail_cafeteria_l.mdl","handrail_cafeteria_l"
"models/noundation/detail/handrail_cafeteria_r.mdl","handrail_cafeteria_r"
"models/noundation/detail/handrail_catwalkwithgas.mdl","handrail_catwalkwithgas"
"models/noundation/detail/handrail_closets.mdl","handrail_closets"
"models/noundation/detail/handrail_corner_pit.mdl","handrail_corner_pit"
"models/noundation/detail/handrail_garage.mdl","handrail_garage"
"models/noundation/detail/handrail_gate_a_exterior.mdl","handrail_gate_a_exterior"
"models/noundation/detail/handrail_gate_a_interior.mdl","handrail_gate_a_interior"
"models/noundation/detail/handrail_overpass_l.mdl","handrail_overpass_l"
"models/noundation/detail/handrail_overpass_r.mdl","handrail_overpass_r"
"models/noundation/detail/handrail_room106.mdl","handrail_room106"
"models/noundation/detail/handrail_room173.mdl","handrail_room173"
"models/noundation/detail/handrail_room2nuke.mdl","handrail_room2nuke"
"models/noundation/detail/handrail_room682.mdl","handrail_room682"
"models/noundation/detail/handrail_room895.mdl","handrail_room895"
"models/noundation/detail/handrail_roomexit1.mdl","handrail_roomexit1"
"models/noundation/detail/handrail_stairs_room106.mdl","handrail_stairs_room106"
"models/noundation/detail/handrail_stairs_room106_lower.mdl","handrail_stairs_room106_lower"
"models/noundation/detail/handrail_stairs_room682.mdl","handrail_stairs_room682"
"models/noundation/detail/handrail_straight_pit.mdl","handrail_straight_pit"
"models/noundation/detail/magnet_room106.mdl","magnet_room106"
"models/noundation/detail/nuclear_warhead.mdl","nuclear_warhead"
"models/noundation/detail/pillar_corner_gate_b.mdl","pillar_corner_gate_b"
"models/noundation/detail/pillar_gate_b.mdl","pillar_gate_b"
"models/noundation/detail/pillar_small_gate_b.mdl","pillar_small_gate_b"
"models/noundation/detail/pipes_misc.mdl","pipes_misc"
"models/noundation/detail/shelf.mdl","shelf"
"models/noundation/detail/shelf_large.mdl","shelf_large"
"models/noundation/detail/soundproofing_room513.mdl","soundproofing_room513"
"models/noundation/detail/table.mdl","table"
"models/noundation/detail/table_cafeteria.mdl","table_cafeteria"
"models/noundation/detail/table_divider.mdl","table_divider"
"models/noundation/detail/vent_grate.mdl","vent_grate"
"models/noundation/detail/walkway_corner_gate_b.mdl","walkway_corner_gate_b"
"models/noundation/detail/walkway_end_gate_b.mdl","walkway_end_gate_b"
"models/noundation/detail/walkway_slope_gate_b.mdl","walkway_slope_gate_b"
"models/noundation/detail/walkway_straighta_gate_b.mdl","walkway_straighta_gate_b"
"models/noundation/detail/walkway_straightb_gate_b.mdl","walkway_straightb_gate_b"
"models/noundation/detail/wallpost_gate_a.mdl","wallpost_gate_a"
"models/noundation/detail/wallsection_gate_a.mdl","wallsection_gate_a"
"models/noundation/doors/860_door.mdl","860_door"
"models/noundation/doors/860_doorframe.mdl","860_doorframe"
"models/noundation/doors/cell_door.mdl","cell_door"
"models/noundation/doors/door_frame.mdl","door_frame"
"models/noundation/doors/door_frame_hcz.mdl","door_frame_hcz"
"models/noundation/doors/door_frame_sealed.mdl","door_frame_sealed"
"models/noundation/doors/hcz_door_01.mdl","hcz_door_01"
"models/noundation/doors/hcz_door_02.mdl","hcz_door_02"
"models/noundation/doors/lcz_door.mdl","lcz_door"
"models/noundation/electronics/console01.mdl","console01"
"models/noundation/electronics/console012.mdl","console012"
"models/noundation/electronics/console02.mdl","console02"
"models/noundation/electronics/console035.mdl","console035"
"models/noundation/electronics/console096.mdl","console096"
"models/noundation/electronics/console106.mdl","console106"
"models/noundation/electronics/console173.mdl","console173"
"models/noundation/electronics/console682.mdl","console682"
"models/noundation/electronics/consoleelectricalnew.mdl","consoleelectricalnew"
"models/noundation/electronics/consolenuke.mdl","consolenuke"
"models/noundation/electronics/console_electrical.mdl","console_electrical"
"models/noundation/electronics/console_office.mdl","console_office"
"models/noundation/electronics/electrical_box.mdl","electrical_box"
"models/noundation/electronics/flat_monitor.mdl","flat_monitor"
"models/noundation/electronics/keyboard.mdl","keyboard"
"models/noundation/electronics/keypad.mdl","keypad"
"models/noundation/electronics/keypad_card.mdl","keypad_card"
"models/noundation/electronics/keypad_code.mdl","keypad_code"
"models/noundation/electronics/lever_base.mdl","lever_base"
"models/noundation/electronics/lever_handle.mdl","lever_handle"
"models/noundation/electronics/light.mdl","light"
"models/noundation/electronics/lightgun_base.mdl","lightgun_base"
"models/noundation/electronics/lightgun_turret.mdl","lightgun_turret"
"models/noundation/electronics/monitor_checkpoint.mdl","monitor_checkpoint"
"models/noundation/electronics/power_box.mdl","power_box"
"models/noundation/electronics/server01.mdl","server01"
"models/noundation/electronics/server02.mdl","server02"
"models/noundation/electronics/server03.mdl","server03"
"models/noundation/electronics/tesla_gate.mdl","tesla_gate"
"models/noundation/framework/106_stairs_large.mdl","106_stairs_large"
"models/noundation/framework/106_stairs_small.mdl","106_stairs_small"
"models/noundation/framework/682_stairs.mdl","682_stairs"
"models/noundation/framework/895_stairs.mdl","895_stairs"
"models/noundation/framework/beam_gate_a.mdl","beam_gate_a"
"models/noundation/framework/bridge_room4.mdl","bridge_room4"
"models/noundation/framework/detail_room012.mdl","detail_room012"
"models/noundation/framework/detail_room2pipes_lower.mdl","detail_room2pipes_lower"
"models/noundation/framework/detail_room2pipes_upper.mdl","detail_room2pipes_upper"
"models/noundation/framework/detail_room914.mdl","detail_room914"
"models/noundation/framework/frame_cafeteria.mdl","frame_cafeteria"
"models/noundation/framework/frame_pipes.mdl","frame_pipes"
"models/noundation/framework/frame_room2doors.mdl","frame_room2doors"
"models/noundation/framework/frame_roomccont.mdl","frame_roomccont"
"models/noundation/framework/frame_testroom.mdl","frame_testroom"
"models/noundation/framework/frame_testroom_gateb.mdl","frame_testroom_gateb"
"models/noundation/framework/frame_tunnel.mdl","frame_tunnel"
"models/noundation/framework/frame_tunnel_half.mdl","frame_tunnel_half"
"models/noundation/framework/pillar_939.mdl","pillar_939"
"models/noundation/framework/pillar_hcz.mdl","pillar_hcz"
"models/noundation/framework/pipes_small.mdl","pipes_small"
"models/noundation/framework/pipe_large.mdl","pipe_large"
"models/noundation/framework/pipe_large_gate.mdl","pipe_large_gate"
"models/noundation/framework/skylight_gate_a.mdl","skylight_gate_a"
"models/noundation/framework/window_checkpoint.mdl","window_checkpoint"
"models/noundation/scps/079_computer.mdl","079_computer"
"models/noundation/scps/372_cell.mdl","372_cell"
"models/noundation/scps/895.mdl","895"
"models/noundation/scps/914.mdl","914"
"models/noundation/scps/914_booth.mdl","914_booth"
"models/noundation/scps/containment_008.mdl","containment_008"
"models/noundation/scps/containment_106.mdl","containment_106"
"models/noundation/scps/femur_breaker.mdl","femur_breaker"
"models/noundation/scps/femur_claw.mdl","femur_claw"
"models/noundation/scps/floodlight_205.mdl","floodlight_205"
"models/noundation/scps/winch012.mdl","winch012"
"models/props/hospital_ivstand01.mdl","hospital_ivstand01"
"models/props/metal_stairs.mdl","metal_stairs"
"models/props/scp_vendor.mdl","scp_vendor"
"models/props/cs_assault/consolepanelloadingbay.mdl","consolepanelloadingbay"
"models/props/cs_assault/forklift.mdl","forklift"
"models/props/cs_assault/pylon.mdl","pylon"
"models/props/cs_assault/ventilationduct02.mdl","ventilationduct02"
"models/props/cs_militia/lightfixture01_base.mdl","lightfixture01_base"
"models/props/cs_militia/showers.mdl","showers"
"models/props/cs_office/light_inset.mdl","light_inset"
"models/props/cs_office/sofa.mdl","sofa"
"models/props/cs_office/sofa_chair.mdl","sofa_chair"
"models/props/cs_office/table_coffee.mdl","table_coffee"
"models/props/cs_office/table_coffee_static.mdl","table_coffee_static"
"models/props/de_inferno/wall_lamp_ring.mdl","wall_lamp_ring"
"models/props/de_nuke/electricity_box.mdl","electricity_box"
"models/props/de_nuke/equipment1.mdl","equipment1"
"models/props/de_prodigy/pushcart.mdl","pushcart"
"models/props/de_train/acunit1.mdl","acunit1"
"models/props/de_train/acunit2.mdl","acunit2"
"models/props/de_train/light_inset.mdl","light_inset"
"models/props/de_train/pallet_barrels.mdl","pallet_barrels"
"models/props/office/rooftop/pipe01_bend.mdl","pipe01_bend"
"models/props_beneric/bm_batteryradio01.mdl","bm_batteryradio01"
"models/props_beneric/cable_reel_big.mdl","cable_reel_big"
"models/props_beneric/crate_128x36.mdl","crate_128x36"
"models/props_beneric/crate_144x60.mdl","crate_144x60"
"models/props_beneric/crate_48x48.mdl","crate_48x48"
"models/props_beneric/crate_64x96.mdl","crate_64x96"
"models/props_beneric/geigercounter.mdl","geigercounter"
"models/props_beneric/hand_dryer.mdl","hand_dryer"
"models/props_beneric/ledindicator_large.mdl","ledindicator_large"
"models/props_beneric/plant_office.mdl","plant_office"
"models/props_beneric/storage_cabinet.mdl","storage_cabinet"
"models/props_beneric/storage_cabinet_static.mdl","storage_cabinet_static"
"models/props_beneric/storage_shelf.mdl","storage_shelf"
"models/props_beneric/trashbin002.mdl","trashbin002"
"models/props_beneric/wallmonitors.mdl","wallmonitors"
"models/props_blastpit/c1a4a_pipecorner_sm.mdl","c1a4a_pipecorner_sm"
"models/props_blastpit/silo_monitor.mdl","silo_monitor"
"models/props_blastpit/silo_server_animated.mdl","silo_server_animated"
"models/props_c17/hospital_shelf01.mdl","hospital_shelf01"
"models/props_c17/hospital_surgerytable01.mdl","hospital_surgerytable01"
"models/props_c17/metalladder002.mdl","metalladder002"
"models/props_c17/metalladder002b.mdl","metalladder002b"
"models/props_canteen/backlit_sign.mdl","backlit_sign"
"models/props_canteen/canteenbin.mdl","canteenbin"
"models/props_canteen/microwave01.mdl","microwave01"
"models/props_canteen/vendingmachine01.mdl","vendingmachine01"
"models/props_canteen/vendingmachine01_static.mdl","vendingmachine01_static"
"models/props_construction/constructioncone_stack3.mdl","constructioncone_stack3"
"models/props_construction/constructioncone_stack3_static.mdl","constructioncone_stack3_static"
"models/props_construction/light_floodlight01a.mdl","light_floodlight01a"
"models/props_construction/light_floodlight01a_static.mdl","light_floodlight01a_static"
"models/props_equipment/case_lights.mdl","case_lights"
"models/props_equipment/hardcase_01.mdl","hardcase_01"
"models/props_equipment/hardcase_01a.mdl","hardcase_01a"
"models/props_equipment/jumpplatform_winch01b.mdl","jumpplatform_winch01b"
"models/props_equipment/portablebattery01.mdl","portablebattery01"
"models/props_equipment/specimencontainer01b.mdl","specimencontainer01b"
"models/props_equipment/storagetrunk01a.mdl","storagetrunk01a"
"models/props_equipment/storagetrunk01b.mdl","storagetrunk01b"
"models/props_equipment/storagetrunk01b_lid.mdl","storagetrunk01b_lid"
"models/props_equipment/survey_airmonitoringapparatus.mdl","survey_airmonitoringapparatus"
"models/props_equipment/survey_tripod.mdl","survey_tripod"
"models/props_equipment/survey_tripod_static.mdl","survey_tripod_static"
"models/props_foliage/ah_ash_tree_cluster1.mdl","ah_ash_tree_cluster1"
"models/props_foliage/ah_domestic_hedge128_mid.mdl","ah_domestic_hedge128_mid"
"models/props_foliage/hedgerow_08.mdl","hedgerow_08"
"models/props_foliage/mall_bush01.mdl","mall_bush01"
"models/props_foliage/small-tree01.mdl","small-tree01"
"models/props_foliage/tree_deciduous_01a.mdl","tree_deciduous_01a"
"models/props_foliage/tree_deciduous_02a.mdl","tree_deciduous_02a"
"models/props_gab/beaker01a.mdl","beaker01a"
"models/props_gab/beaker01a_static.mdl","beaker01a_static"
"models/props_gab/beaker01b.mdl","beaker01b"
"models/props_gab/beaker01b_static.mdl","beaker01b_static"
"models/props_gab/console01a.mdl","console01a"
"models/props_gab/console01b.mdl","console01b"
"models/props_gab/console01c.mdl","console01c"
"models/props_gab/console02a.mdl","console02a"
"models/props_gab/console02b.mdl","console02b"
"models/props_gab/console02c.mdl","console02c"
"models/props_gab/console03a.mdl","console03a"
"models/props_gab/console03b.mdl","console03b"
"models/props_gab/console03c.mdl","console03c"
"models/props_gab/labcupboard_tall01a.mdl","labcupboard_tall01a"
"models/props_gab/labcupboard_tall01b.mdl","labcupboard_tall01b"
"models/props_gab/labcupboard_wall01a.mdl","labcupboard_wall01a"
"models/props_gab/labcupboard_wall01b.mdl","labcupboard_wall01b"
"models/props_gab/lab_flourescentlight002b.mdl","lab_flourescentlight002b"
"models/props_gab/lab_stool.mdl","lab_stool"
"models/props_gab/lockers.mdl","lockers"
"models/props_gab/mobiletable01.mdl","mobiletable01"
"models/props_gab/mobiletable01_static.mdl","mobiletable01_static"
"models/props_gab/panel_safe.mdl","panel_safe"
"models/props_gab/reciever_cart.mdl","reciever_cart"
"models/props_gab/server_rack.mdl","server_rack"
"models/props_gab/sterilizer.mdl","sterilizer"
"models/props_gab/sterilizer_static.mdl","sterilizer_static"
"models/props_gab/substance_tray.mdl","substance_tray"
"models/props_gab/substance_tray_static.mdl","substance_tray_static"
"models/props_gab/surgical_laser.mdl","surgical_laser"
"models/props_gab/tuberack01.mdl","tuberack01"
"models/props_gab/tuberack01_gib01.mdl","tuberack01_gib01"
"models/props_gab/tuberack01_gib02.mdl","tuberack01_gib02"
"models/props_gab/tuberack01_gib03.mdl","tuberack01_gib03"
"models/props_gab/tuberack01_gib04.mdl","tuberack01_gib04"
"models/props_gab/tuberack01_static.mdl","tuberack01_static"
"models/props_gab/tuberack01_tubegib01.mdl","tuberack01_tubegib01"
"models/props_gab/tuberack01_tubegib05.mdl","tuberack01_tubegib05"
"models/props_gab/tv_ceiling.mdl","tv_ceiling"
"models/props_gab/wallunit_control.mdl","wallunit_control"
"models/props_gab/wallunit_tech.mdl","wallunit_tech"
"models/props_garines/ammobox01.mdl","ammobox01"
"models/props_garines/ammocrate01.mdl","ammocrate01"
"models/props_garines/ammocrate01_static.mdl","ammocrate01_static"
"models/props_garines/ammo_crate.mdl","ammo_crate"
"models/props_garines/ammo_crate02.mdl","ammo_crate02"
"models/props_garines/ammo_crate02_static.mdl","ammo_crate02_static"
"models/props_garines/army_radio.mdl","army_radio"
"models/props_garines/missile_crate.mdl","missile_crate"
"models/props_garines/ordnance_crate.mdl","ordnance_crate"
"models/props_gasworks/gasworks_cctower_01.mdl","gasworks_cctower_01"
"models/props_gasworks/gasworks_pipes_128.mdl","gasworks_pipes_128"
"models/props_gasworks/train_signalbox_01.mdl","train_signalbox_01"
"models/props_gffice/books_1.mdl","books_1"
"models/props_gffice/c1a2c_foodcrate_01.mdl","c1a2c_foodcrate_01"
"models/props_gffice/c1a2c_foodcrate_02.mdl","c1a2c_foodcrate_02"
"models/props_gffice/c1a2c_foodcrate_03.mdl","c1a2c_foodcrate_03"
"models/props_gffice/calculator.mdl","calculator"
"models/props_gffice/calculator_static.mdl","calculator_static"
"models/props_gffice/chair_casual.mdl","chair_casual"
"models/props_gffice/closed_laptop.mdl","closed_laptop"
"models/props_gffice/coffe_machine.mdl","coffe_machine"
"models/props_gffice/coffe_pot.mdl","coffe_pot"
"models/props_gffice/computer_desktop01.mdl","computer_desktop01"
"models/props_gffice/computer_desktop01_static.mdl","computer_desktop01_static"
"models/props_gffice/computer_desktop02.mdl","computer_desktop02"
"models/props_gffice/computer_desktop02_static.mdl","computer_desktop02_static"
"models/props_gffice/computer_desktop03.mdl","computer_desktop03"
"models/props_gffice/computer_desktop03_static.mdl","computer_desktop03_static"
"models/props_gffice/computer_keyboard02.mdl","computer_keyboard02"
"models/props_gffice/computer_keyboard02_static.mdl","computer_keyboard02_static"
"models/props_gffice/computer_monitor03.mdl","computer_monitor03"
"models/props_gffice/computer_monitor03_static.mdl","computer_monitor03_static"
"models/props_gffice/computer_monitor04.mdl","computer_monitor04"
"models/props_gffice/computer_monitor04_static.mdl","computer_monitor04_static"
"models/props_gffice/computer_mouse01.mdl","computer_mouse01"
"models/props_gffice/computer_mouse01_static.mdl","computer_mouse01_static"
"models/props_gffice/copy_machine.mdl","copy_machine"
"models/props_gffice/deskfan.mdl","deskfan"
"models/props_gffice/desk_cantilever01a.mdl","desk_cantilever01a"
"models/props_gffice/desk_cantilever01a_static.mdl","desk_cantilever01a_static"
"models/props_gffice/desk_cantilever01c.mdl","desk_cantilever01c"
"models/props_gffice/desk_cantilever01c_static.mdl","desk_cantilever01c_static"
"models/props_gffice/desk_corner01.mdl","desk_corner01"
"models/props_gffice/desk_corner01_cupboard.mdl","desk_corner01_cupboard"
"models/props_gffice/desk_corner01_cupboard_static.mdl","desk_corner01_cupboard_static"
"models/props_gffice/desk_corner01_static.mdl","desk_corner01_static"
"models/props_gffice/file_cabinet_large_static.mdl","file_cabinet_large_static"
"models/props_gffice/folder.mdl","folder"
"models/props_gffice/furniture_sofa01.mdl","furniture_sofa01"
"models/props_gffice/furniture_sofa01_static.mdl","furniture_sofa01_static"
"models/props_gffice/metalbin01.mdl","metalbin01"
"models/props_gffice/metalbin01_static.mdl","metalbin01_static"
"models/props_gffice/notepad_office.mdl","notepad_office"
"models/props_gffice/noticeboard01.mdl","noticeboard01"
"models/props_gffice/oc_shelf01.mdl","oc_shelf01"
"models/props_gffice/oc_shelf03.mdl","oc_shelf03"
"models/props_gffice/oc_shelf03b.mdl","oc_shelf03b"
"models/props_gffice/oc_shelf_short.mdl","oc_shelf_short"
"models/props_gffice/officefilecabinet.mdl","officefilecabinet"
"models/props_gffice/officefilecabinet_static.mdl","officefilecabinet_static"
"models/props_gffice/office_chair.mdl","office_chair"
"models/props_gffice/office_chair_static.mdl","office_chair_static"
"models/props_gffice/office_phone.mdl","office_phone"
"models/props_gffice/open_laptop.mdl","open_laptop"
"models/props_gffice/paperfolder01.mdl","paperfolder01"
"models/props_gffice/paperfolder01_static.mdl","paperfolder01_static"
"models/props_gffice/pictureframe01a.mdl","pictureframe01a"
"models/props_gffice/pictureframe01a_static.mdl","pictureframe01a_static"
"models/props_gffice/pictureframe01b.mdl","pictureframe01b"
"models/props_gffice/pictureframe01b_static.mdl","pictureframe01b_static"
"models/props_gffice/pictureframe02.mdl","pictureframe02"
"models/props_gffice/pictureframe02_static.mdl","pictureframe02_static"
"models/props_gffice/pictureframe03.mdl","pictureframe03"
"models/props_gffice/pictureframe03_static.mdl","pictureframe03_static"
"models/props_gffice/pictureframe04.mdl","pictureframe04"
"models/props_gffice/pictureframe04_static.mdl","pictureframe04_static"
"models/props_gffice/sofa_casual.mdl","sofa_casual"
"models/props_gffice/table_l_static.mdl","table_l_static"
"models/props_gffice/table_rounded_static.mdl","table_rounded_static"
"models/props_gffice/table_square.mdl","table_square"
"models/props_gffice/table_square_static.mdl","table_square_static"
"models/props_gffice/taxidermy_roadrunner.mdl","taxidermy_roadrunner"
"models/props_gffice/tv_small.mdl","tv_small"
"models/props_gffice/vcr.mdl","vcr"
"models/props_gffice/vcr_static.mdl","vcr_static"
"models/props_gffice/videocassette.mdl","videocassette"
"models/props_gffice/videocassette_static.mdl","videocassette_static"
"models/props_gffice/waterdispencer.mdl","waterdispencer"
"models/props_gffice/waterdispencer_static.mdl","waterdispencer_static"
"models/props_glackmesa/alarmbox.mdl","alarmbox"
"models/props_glackmesa/barrel01.mdl","barrel01"
"models/props_glackmesa/barrel_buoyant.mdl","barrel_buoyant"
"models/props_glackmesa/bms_metalcrate_48x48.mdl","bms_metalcrate_48x48"
"models/props_glackmesa/bms_metalcrate_64x96.mdl","bms_metalcrate_64x96"
"models/props_glackmesa/bms_metalcrate_tarp.mdl","bms_metalcrate_tarp"
"models/props_glackmesa/bms_pushable_crate.mdl","bms_pushable_crate"
"models/props_glackmesa/console01.mdl","console01"
"models/props_glackmesa/exit_sign.mdl","exit_sign"
"models/props_glackmesa/firealarm_light.mdl","firealarm_light"
"models/props_glackmesa/fireescape_sign.mdl","fireescape_sign"
"models/props_glackmesa/fireextinguisher.mdl","fireextinguisher"
"models/props_glackmesa/juntionbox_set01.mdl","juntionbox_set01"
"models/props_glackmesa/light_wall01.mdl","light_wall01"
"models/props_glackmesa/light_wall03.mdl","light_wall03"
"models/props_glackmesa/metalcrate01.mdl","metalcrate01"
"models/props_glackmesa/metalcrate01_static.mdl","metalcrate01_static"
"models/props_glackmesa/nuclearcontrolbox.mdl","nuclearcontrolbox"
"models/props_glackmesa/powermetrebox01.mdl","powermetrebox01"
"models/props_glackmesa/railing01_long.mdl","railing01_long"
"models/props_glackmesa/rotatingdisplay.mdl","rotatingdisplay"
"models/props_glackmesa/seating01.mdl","seating01"
"models/props_glackmesa/securitycamera.mdl","securitycamera"
"models/props_glackmesa/shelves01.mdl","shelves01"
"models/props_glackmesa/stackingchair01.mdl","stackingchair01"
"models/props_glackmesa/supercomputer01a_break03.mdl","supercomputer01a_break03"
"models/props_glackmesa/supercomputer01a_break07.mdl","supercomputer01a_break07"
"models/props_glackmesa/supercomputer01a_break10.mdl","supercomputer01a_break10"
"models/props_glackmesa/supercomputer01b.mdl","supercomputer01b"
"models/props_glackmesa/supercomputer01b_break01.mdl","supercomputer01b_break01"
"models/props_glackmesa/supercomputer01b_break02.mdl","supercomputer01b_break02"
"models/props_glackmesa/supercomputer01b_break04.mdl","supercomputer01b_break04"
"models/props_glackmesa/supercomputer01b_break05.mdl","supercomputer01b_break05"
"models/props_glackmesa/supercomputer01b_break06.mdl","supercomputer01b_break06"
"models/props_glackmesa/supercomputer01b_break09.mdl","supercomputer01b_break09"
"models/props_glackmesa/supercomputer01c_break01.mdl","supercomputer01c_break01"
"models/props_gm/am_chamber_console.mdl","am_chamber_console"
"models/props_gm/am_critical_cabinet.mdl","am_critical_cabinet"
"models/props_gm/am_front_desk.mdl","am_front_desk"
"models/props_gm/am_servers4a.mdl","am_servers4a"
"models/props_gm/am_servers4b.mdl","am_servers4b"
"models/props_gm/am_ucvent.mdl","am_ucvent"
"models/props_gm/gadget01.mdl","gadget01"
"models/props_gm/gadget02.mdl","gadget02"
"models/props_gm/gadget03.mdl","gadget03"
"models/props_gm/ion_console.mdl","ion_console"
"models/props_gm/lab1b.mdl","lab1b"
"models/props_gm/post_board.mdl","post_board"
"models/props_gm/powerbox.mdl","powerbox"
"models/props_gm/powerbox_door_left.mdl","powerbox_door_left"
"models/props_gm/scale.mdl","scale"
"models/props_guestionableethics/console_large_01.mdl","console_large_01"
"models/props_guestionableethics/console_wide.mdl","console_wide"
"models/props_guestionableethics/containment_cabinet.mdl","containment_cabinet"
"models/props_guestionableethics/microscope.mdl","microscope"
"models/props_guestionableethics/qe_console_large.mdl","qe_console_large"
"models/props_guestionableethics/qe_console_tall.mdl","qe_console_tall"
"models/props_guestionableethics/qe_console_wide.mdl","qe_console_wide"
"models/props_guestionableethics/qe_console_wide2.mdl","qe_console_wide2"
"models/props_guestionableethics/qe_console_wide3.mdl","qe_console_wide3"
"models/props_guestionableethics/qe_dissection_array.mdl","qe_dissection_array"
"models/props_guestionableethics/qe_dissection_control.mdl","qe_dissection_control"
"models/props_guestionableethics/qe_gas_cylinder.mdl","qe_gas_cylinder"
"models/props_guestionableethics/qe_gas_holder.mdl","qe_gas_holder"
"models/props_guestionableethics/qe_jenn0desk.mdl","qe_jenn0desk"
"models/props_guestionableethics/qe_portraitframe.mdl","qe_portraitframe"
"models/props_guestionableethics/qe_primeconsole_auxpannel.mdl","qe_primeconsole_auxpannel"
"models/props_guestionableethics/qe_tv_plasma.mdl","qe_tv_plasma"
"models/props_guestionableethics/snark_pen_console.mdl","snark_pen_console"
"models/props_inbound/drill_press.mdl","drill_press"
"models/props_inbound/fiberglass_ladder.mdl","fiberglass_ladder"
"models/props_inbound/tray_truck.mdl","tray_truck"
"models/props_industrial/barrel_drainer.mdl","barrel_drainer"
"models/props_industrial/cagelight03a.mdl","cagelight03a"
"models/props_industrial/control_console_001.mdl","control_console_001"
"models/props_industrial/cryotank_01.mdl","cryotank_01"
"models/props_industrial/cylinder_store.mdl","cylinder_store"
"models/props_industrial/desk_console1.mdl","desk_console1"
"models/props_industrial/faf_lever_box.mdl","faf_lever_box"
"models/props_industrial/floodlight.mdl","floodlight"
"models/props_industrial/handtruck.mdl","handtruck"
"models/props_industrial/largetoolbox.mdl","largetoolbox"
"models/props_industrial/largetoolbox_static.mdl","largetoolbox_static"
"models/props_industrial/powerbox_large_01.mdl","powerbox_large_01"
"models/props_industrial/service_terminal.mdl","service_terminal"
"models/props_industrial/steelshelf01.mdl","steelshelf01"
"models/props_industrial/steelshelf01_static.mdl","steelshelf01_static"
"models/props_industrial/toolbox.mdl","toolbox"
"models/props_industrial/wall_console1.mdl","wall_console1"
"models/props_industrial/wall_console2.mdl","wall_console2"
"models/props_industrial/wall_console_sm.mdl","wall_console_sm"
"models/props_industrial/warehouse_rack_infosign.mdl","warehouse_rack_infosign"
"models/props_industrial/warehouse_shelf001.mdl","warehouse_shelf001"
"models/props_industrial/welder.mdl","welder"
"models/props_industrial/welder_static.mdl","welder_static"
"models/props_interiors/bathroomsink01.mdl","bathroomsink01"
"models/props_interiors/chair_office2.mdl","chair_office2"
"models/props_interiors/chair_office2_static.mdl","chair_office2_static"
"models/props_interiors/toilet.mdl","toilet"
"models/props_interiors/toiletpaperdispenser_commercial.mdl","toiletpaperdispenser_commercial"
"models/props_interiors/toilet_b.mdl","toilet_b"
"models/props_interiors/toilet_c.mdl","toilet_c"
"models/props_junk/coffeemug01b.mdl","coffeemug01b"
"models/props_junk/coffeemug01b_static.mdl","coffeemug01b_static"
"models/props_junk/junk_earmuffs.mdl","junk_earmuffs"
"models/props_junk/mopbucket01.mdl","mopbucket01"
"models/props_junk/mopbucket01_static.mdl","mopbucket01_static"
"models/props_junk/propanecanister001a.mdl","propanecanister001a"
"models/props_junk/warehouse_pallet01.mdl","warehouse_pallet01"
"models/props_junk/warehouse_pallet01_static.mdl","warehouse_pallet01_static"
"models/props_junk/warehouse_pallet02.mdl","warehouse_pallet02"
"models/props_junk/warehouse_pallet02_static.mdl","warehouse_pallet02_static"
"models/props_junk/warehouse_pallet03.mdl","warehouse_pallet03"
"models/props_junk/warehouse_pallet03_static.mdl","warehouse_pallet03_static"
"models/props_junk/warehouse_pallet04.mdl","warehouse_pallet04"
"models/props_junk/warehouse_pallet04_static.mdl","warehouse_pallet04_static"
"models/props_junk/wetfloorsign.mdl","wetfloorsign"
"models/props_junk/wetfloorsign_static.mdl","wetfloorsign_static"
"models/props_lambda/clusters/lc_d_cluster033.mdl","lc_d_cluster033"
"models/props_medical/gurney.mdl","gurney"
"models/props_medical/gurney_static.mdl","gurney_static"
"models/props_mill/pipeset32d_corner128d_001a.mdl","pipeset32d_corner128d_001a"
"models/props_oar/jbox_16x16.mdl","jbox_16x16"
"models/props_oar/jbox_24.mdl","jbox_24"
"models/props_oar/jbox_48.mdl","jbox_48"
"models/props_oar/power_cabinet_72x32.mdl","power_cabinet_72x32"
"models/props_oar/power_cabinet_96x64.mdl","power_cabinet_96x64"
"models/props_pipes/gaspipe01_256.mdl","gaspipe01_256"
"models/props_pipes/gaspipe01_512.mdl","gaspipe01_512"
"models/props_pipes/gaspipe01_64.mdl","gaspipe01_64"
"models/props_pipes/gaspipe01_turn90.mdl","gaspipe01_turn90"
"models/props_pipes/gasworks_pipesystem04.mdl","gasworks_pipesystem04"
"models/props_pipes/pipe02_90degree01.mdl","pipe02_90degree01"
"models/props_pipes/pipe02_connector01.mdl","pipe02_connector01"
"models/props_pipes/pipe02_lcurve01_long.mdl","pipe02_lcurve01_long"
"models/props_pipes/pipe02_lcurve02_short.mdl","pipe02_lcurve02_short"
"models/props_pipes/pipe02_scurve01_long.mdl","pipe02_scurve01_long"
"models/props_pipes/pipe02_straight01_long.mdl","pipe02_straight01_long"
"models/props_pipes/pipe02_straight01_short.mdl","pipe02_straight01_short"
"models/props_pipes/pipe02_tjoint01.mdl","pipe02_tjoint01"
"models/props_pipes/pipe03_90degree01.mdl","pipe03_90degree01"
"models/props_pipes/pipe03_connector01.mdl","pipe03_connector01"
"models/props_pipes/pipe03_straight01_long.mdl","pipe03_straight01_long"
"models/props_pipes/pipe03_straight01_short.mdl","pipe03_straight01_short"
"models/props_pipes/pipe03_tjoint01.mdl","pipe03_tjoint01"
"models/props_pipes/pipeset02d_256_001a.mdl","pipeset02d_256_001a"
"models/props_pipes/pipeset02d_corner128d_001a.mdl","pipeset02d_corner128d_001a"
"models/props_pipes/xen_factorypipe01a_64x16.mdl","xen_factorypipe01a_64x16"
"models/props_pipes/xen_factorypipe01_turn90x16.mdl","xen_factorypipe01_turn90x16"
"models/props_powerup/controlconsole01.mdl","controlconsole01"
"models/props_powerup/lowerconsole01.mdl","lowerconsole01"
"models/props_residue/trashcan01.mdl","trashcan01"
"models/props_rooftop/acunit02.mdl","acunit02"
"models/props_silo/silo_elevator.mdl","silo_elevator"
"models/props_skybox/van.mdl","van"
"models/props_st/c2a5f_cabinet_item.mdl","c2a5f_cabinet_item"
"models/props_stalkyard/sy_pallet.mdl","sy_pallet"
"models/props_stalkyard/sy_plankcrate.mdl","sy_plankcrate"
"models/props_stalkyard/sy_plankcrate_long.mdl","sy_plankcrate_long"
"models/props_stalkyard/sy_plankcrate_short.mdl","sy_plankcrate_short"
"models/props_stalkyard/sy_plankcrate_small_48.mdl","sy_plankcrate_small_48"
"models/props_stalkyard/sy_plankcrate_small_64.mdl","sy_plankcrate_small_64"
"models/props_stalkyard/sy_plankcrate_tarp.mdl","sy_plankcrate_tarp"
"models/props_stalkyard/sy_plywoodcrate.mdl","sy_plywoodcrate"
"models/props_stalkyard/sy_plywoodcrate_tarp.mdl","sy_plywoodcrate_tarp"
"models/props_stu/kiosk.mdl","kiosk"
"models/props_trainstation/train_wheels1.mdl","train_wheels1"
"models/props_uc/c1a1c_thermometer.mdl","c1a1c_thermometer"
"models/props_wasteland/controlroom_desk001b_static.mdl","controlroom_desk001b_static"
"models/props_wasteland/controlroom_filecabinet002a_static.mdl","controlroom_filecabinet002a_static"
"models/props_wasteland/coolingtank02.mdl","coolingtank02"
"models/static/wallchair/lavka.mdl","lavka"
"models/testmodels/sofa_double.mdl","sofa_double"
"models/testmodels/sofa_single.mdl","sofa_single"
"models/vinrax/props/rubber_duck.mdl","rubber_duck"
"models/vinrax/scp294/scp294.mdl","scp294"
"models/gmod4phun/c_ins_to_gmod_hands.mdl","c_ins_to_gmod_hands"
"models/cultist/npc_scp/1499-1.mdl","1499-1"
"models/cultist/npc_scp/303.mdl","303"
"models/cultist/npc_scp/939.mdl","939"
"models/cultist/scp/079.mdl","079"
"models/cultist/scp/1015ru.mdl","1015ru"
"models/cultist/scp/1015ru_hands.mdl","1015ru_hands"
"models/cultist/scp/173.mdl","173"
"models/cultist/scp/c_arms_062fr.mdl","c_arms_062fr"
"models/cultist/scp/c_arms_912.mdl","c_arms_912"
"models/cultist/scp/scarlet_king.mdl","scarlet_king"
"models/cultist/scp/scarlet_king_shaky.mdl","scarlet_king_shaky"
"models/cultist/scp/scp_029.mdl","scp_029"
"models/cultist/scp/scp_035.mdl","scp_035"
"models/cultist/scp/scp_049.mdl","scp_049"
"models/cultist/scp/scp_049_2.mdl","scp_049_2"
"models/cultist/scp/scp_049_2_hands.mdl","scp_049_2_hands"
"models/cultist/scp/scp_058.mdl","scp_058"
"models/cultist/scp/scp_062de.mdl","scp_062de"
"models/cultist/scp/scp_062de_arms.mdl","scp_062de_arms"
"models/cultist/scp/scp_062de_new.mdl","scp_062de_new"
"models/cultist/scp/scp_062fr.mdl","scp_062fr"
"models/cultist/scp/scp_062fr_new.mdl","scp_062fr_new"
"models/cultist/scp/scp_076.mdl","scp_076"
"models/cultist/scp/scp_076_arms.mdl","scp_076_arms"
"models/cultist/scp/scp_082.mdl","scp_082"
"models/cultist/scp/scp_082_hands.mdl","scp_082_hands"
"models/cultist/scp/scp_096.mdl","scp_096"
"models/cultist/scp/scp_1027ru.mdl","scp_1027ru"
"models/cultist/scp/scp_1048-a.mdl","scp_1048-a"
"models/cultist/scp/scp_1048.mdl","scp_1048"
"models/cultist/scp/scp_106.mdl","scp_106"
"models/cultist/scp/scp_1471.mdl","scp_1471"
"models/cultist/scp/scp_1903.mdl","scp_1903"
"models/cultist/scp/scp_239.mdl","scp_239"
"models/cultist/scp/scp_457.mdl","scp_457"
"models/cultist/scp/scp_542.mdl","scp_542"
"models/cultist/scp/scp_682.mdl","scp_682"
"models/cultist/scp/scp_811.mdl","scp_811"
"models/cultist/scp/scp_847.mdl","scp_847"
"models/cultist/scp/scp_860.mdl","scp_860"
"models/cultist/scp/scp_912.mdl","scp_912"
"models/cultist/scp/scp_939.mdl","scp_939"
"models/cultist/scp/scp_953.mdl","scp_953"
"models/cultist/scp/scp_966.mdl","scp_966"
"models/cultist/scp/scp_999.mdl","scp_999"
"models/cultist/scp/scp_999_new.mdl","scp_999_new"
"models/cultist/scp/scp_japan_fr.mdl","scp_japan_fr"
"models/cultist/scp/scp_no1.mdl","scp_no1"
"models/cultist/scp/610/610_main.mdl","610_main"
"models/cultist/scp/610/c_hands_infected.mdl","c_hands_infected"
"models/cultist/scp/610/c_hands_main.mdl","c_hands_main"
"models/cultist/scp/610/c_hands_tank.mdl","c_hands_tank"
"models/cultist/scp/610/egg.mdl","egg"
"models/cultist/scp/610/infected/610_infected.mdl","610_infected"
"models/cultist/scp/811/811_puke_mine.mdl","811_puke_mine"
"models/cultist/scp/scp2012/crossbow_bolt.mdl","crossbow_bolt"
"models/cultist/scp/scp2012/scp_2012.mdl","scp_2012"
"models/cultist/scp/scp2012/scp_2012_arms.mdl","scp_2012_arms"
"models/cultist/scp/scp2012/scp_shield.mdl","scp_shield"
"models/cultist/scp/scp2012/scp_sword.mdl","scp_sword"
"models/cultist/scp/scp2012/v_2h_sword.mdl","v_2h_sword"
"models/cultist/scp/scp2012/v_crossbow.mdl","v_crossbow"
"models/cultist/scp/scp2012/v_sword.mdl","v_sword"
"models/cultist/scp/scp2012/w_crossbow.mdl","w_crossbow"
"models/cultist/scp/scp638/scp_638.mdl","scp_638"
"models/cultist/scp/scp638/scp_638_anm.mdl","scp_638_anm"
"models/cultist/scp/scp_973/scp_973.mdl","scp_973"
"models/cultist/scp/scp_973/scp_973_hands.mdl","scp_973_hands"
"models/cultist/scp/scp_973/weapons/v_night_stick.mdl","v_night_stick"
"models/cultist/scp/scp_973/weapons/v_shotgun.mdl","v_shotgun"
"models/cultist/scp/scp_973/weapons/v_stun_batton.mdl","v_stun_batton"
"models/cultist/scp/scp_973/weapons/w_night_stick.mdl","w_night_stick"
"models/cultist/scp/scp_973/weapons/w_shotgun.mdl","w_shotgun"
"models/cultist/scp/scp_973/weapons/w_stun_batton.mdl","w_stun_batton"
"models/shaky/scp/scp2012/scp_2012.mdl","scp_2012"
"models/weapons/v_csgo_tactical.mdl","v_csgo_tactical"
"models/weapons/w_csgo_tactical.mdl","w_csgo_tactical"
"models/cultist/heads/female/female_head_1.mdl","female_head_1"
"models/cultist/heads/female/female_head_10.mdl","female_head_10"
"models/cultist/heads/female/female_head_11.mdl","female_head_11"
"models/cultist/heads/female/female_head_12.mdl","female_head_12"
"models/cultist/heads/female/female_head_13.mdl","female_head_13"
"models/cultist/heads/female/female_head_14.mdl","female_head_14"
"models/cultist/heads/female/female_head_15.mdl","female_head_15"
"models/cultist/heads/female/female_head_16.mdl","female_head_16"
"models/cultist/heads/female/female_head_17.mdl","female_head_17"
"models/cultist/heads/female/female_head_18.mdl","female_head_18"
"models/cultist/heads/female/female_head_19.mdl","female_head_19"
"models/cultist/heads/female/female_head_2.mdl","female_head_2"
"models/cultist/heads/female/female_head_20.mdl","female_head_20"
"models/cultist/heads/female/female_head_21.mdl","female_head_21"
"models/cultist/heads/female/female_head_22.mdl","female_head_22"
"models/cultist/heads/female/female_head_23.mdl","female_head_23"
"models/cultist/heads/female/female_head_24.mdl","female_head_24"
"models/cultist/heads/female/female_head_25.mdl","female_head_25"
"models/cultist/heads/female/female_head_26.mdl","female_head_26"
"models/cultist/heads/female/female_head_27.mdl","female_head_27"
"models/cultist/heads/female/female_head_28.mdl","female_head_28"
"models/cultist/heads/female/female_head_29.mdl","female_head_29"
"models/cultist/heads/female/female_head_3.mdl","female_head_3"
"models/cultist/heads/female/female_head_30.mdl","female_head_30"
"models/cultist/heads/female/female_head_31.mdl","female_head_31"
"models/cultist/heads/female/female_head_32.mdl","female_head_32"
"models/cultist/heads/female/female_head_33.mdl","female_head_33"
"models/cultist/heads/female/female_head_34.mdl","female_head_34"
"models/cultist/heads/female/female_head_35.mdl","female_head_35"
"models/cultist/heads/female/female_head_36.mdl","female_head_36"
"models/cultist/heads/female/female_head_37.mdl","female_head_37"
"models/cultist/heads/female/female_head_38.mdl","female_head_38"
"models/cultist/heads/female/female_head_39.mdl","female_head_39"
"models/cultist/heads/female/female_head_4.mdl","female_head_4"
"models/cultist/heads/female/female_head_40.mdl","female_head_40"
"models/cultist/heads/female/female_head_41.mdl","female_head_41"
"models/cultist/heads/female/female_head_42.mdl","female_head_42"
"models/cultist/heads/female/female_head_43.mdl","female_head_43"
"models/cultist/heads/female/female_head_44.mdl","female_head_44"
"models/cultist/heads/female/female_head_45.mdl","female_head_45"
"models/cultist/heads/female/female_head_46.mdl","female_head_46"
"models/cultist/heads/female/female_head_47.mdl","female_head_47"
"models/cultist/heads/female/female_head_48.mdl","female_head_48"
"models/cultist/heads/female/female_head_49.mdl","female_head_49"
"models/cultist/heads/female/female_head_5.mdl","female_head_5"
"models/cultist/heads/female/female_head_50.mdl","female_head_50"
"models/cultist/heads/female/female_head_51.mdl","female_head_51"
"models/cultist/heads/female/female_head_52.mdl","female_head_52"
"models/cultist/heads/female/female_head_6.mdl","female_head_6"
"models/cultist/heads/female/female_head_7.mdl","female_head_7"
"models/cultist/heads/female/female_head_8.mdl","female_head_8"
"models/cultist/heads/female/female_head_9.mdl","female_head_9"
"models/cultist/heads/female/hair/hair_2.mdl","hair_2"
"models/cultist/heads/female/hair/hair_3.mdl","hair_3"
"models/cultist/heads/female/hair/hair_4.mdl","hair_4"
"models/cultist/heads/female/hair/hair_5.mdl","hair_5"
"models/cultist/heads/female/hair/hair_6.mdl","hair_6"
"models/cultist/heads/female/hair/hair_cleaner.mdl","hair_cleaner"
"models/cultist/heads/male/male_head_1.mdl","male_head_1"
"models/cultist/heads/male/male_head_10.mdl","male_head_10"
"models/cultist/heads/male/male_head_100.mdl","male_head_100"
"models/cultist/heads/male/male_head_101.mdl","male_head_101"
"models/cultist/heads/male/male_head_102.mdl","male_head_102"
"models/cultist/heads/male/male_head_103.mdl","male_head_103"
"models/cultist/heads/male/male_head_104.mdl","male_head_104"
"models/cultist/heads/male/male_head_105.mdl","male_head_105"
"models/cultist/heads/male/male_head_106.mdl","male_head_106"
"models/cultist/heads/male/male_head_107.mdl","male_head_107"
"models/cultist/heads/male/male_head_108.mdl","male_head_108"
"models/cultist/heads/male/male_head_109.mdl","male_head_109"
"models/cultist/heads/male/male_head_11.mdl","male_head_11"
"models/cultist/heads/male/male_head_110.mdl","male_head_110"
"models/cultist/heads/male/male_head_111.mdl","male_head_111"
"models/cultist/heads/male/male_head_112.mdl","male_head_112"
"models/cultist/heads/male/male_head_113.mdl","male_head_113"
"models/cultist/heads/male/male_head_114.mdl","male_head_114"
"models/cultist/heads/male/male_head_115.mdl","male_head_115"
"models/cultist/heads/male/male_head_116.mdl","male_head_116"
"models/cultist/heads/male/male_head_117.mdl","male_head_117"
"models/cultist/heads/male/male_head_118.mdl","male_head_118"
"models/cultist/heads/male/male_head_119.mdl","male_head_119"
"models/cultist/heads/male/male_head_12.mdl","male_head_12"
"models/cultist/heads/male/male_head_120.mdl","male_head_120"
"models/cultist/heads/male/male_head_121.mdl","male_head_121"
"models/cultist/heads/male/male_head_122.mdl","male_head_122"
"models/cultist/heads/male/male_head_123.mdl","male_head_123"
"models/cultist/heads/male/male_head_124.mdl","male_head_124"
"models/cultist/heads/male/male_head_125.mdl","male_head_125"
"models/cultist/heads/male/male_head_126.mdl","male_head_126"
"models/cultist/heads/male/male_head_127.mdl","male_head_127"
"models/cultist/heads/male/male_head_128.mdl","male_head_128"
"models/cultist/heads/male/male_head_129.mdl","male_head_129"
"models/cultist/heads/male/male_head_13.mdl","male_head_13"
"models/cultist/heads/male/male_head_130.mdl","male_head_130"
"models/cultist/heads/male/male_head_131.mdl","male_head_131"
"models/cultist/heads/male/male_head_132.mdl","male_head_132"
"models/cultist/heads/male/male_head_133.mdl","male_head_133"
"models/cultist/heads/male/male_head_134.mdl","male_head_134"
"models/cultist/heads/male/male_head_135.mdl","male_head_135"
"models/cultist/heads/male/male_head_136.mdl","male_head_136"
"models/cultist/heads/male/male_head_137.mdl","male_head_137"
"models/cultist/heads/male/male_head_138.mdl","male_head_138"
"models/cultist/heads/male/male_head_139.mdl","male_head_139"
"models/cultist/heads/male/male_head_14.mdl","male_head_14"
"models/cultist/heads/male/male_head_140.mdl","male_head_140"
"models/cultist/heads/male/male_head_141.mdl","male_head_141"
"models/cultist/heads/male/male_head_142.mdl","male_head_142"
"models/cultist/heads/male/male_head_143.mdl","male_head_143"
"models/cultist/heads/male/male_head_144.mdl","male_head_144"
"models/cultist/heads/male/male_head_145.mdl","male_head_145"
"models/cultist/heads/male/male_head_146.mdl","male_head_146"
"models/cultist/heads/male/male_head_147.mdl","male_head_147"
"models/cultist/heads/male/male_head_148.mdl","male_head_148"
"models/cultist/heads/male/male_head_149.mdl","male_head_149"
"models/cultist/heads/male/male_head_15.mdl","male_head_15"
"models/cultist/heads/male/male_head_150.mdl","male_head_150"
"models/cultist/heads/male/male_head_151.mdl","male_head_151"
"models/cultist/heads/male/male_head_152.mdl","male_head_152"
"models/cultist/heads/male/male_head_153.mdl","male_head_153"
"models/cultist/heads/male/male_head_154.mdl","male_head_154"
"models/cultist/heads/male/male_head_155.mdl","male_head_155"
"models/cultist/heads/male/male_head_156.mdl","male_head_156"
"models/cultist/heads/male/male_head_157.mdl","male_head_157"
"models/cultist/heads/male/male_head_158.mdl","male_head_158"
"models/cultist/heads/male/male_head_159.mdl","male_head_159"
"models/cultist/heads/male/male_head_16.mdl","male_head_16"
"models/cultist/heads/male/male_head_160.mdl","male_head_160"
"models/cultist/heads/male/male_head_161.mdl","male_head_161"
"models/cultist/heads/male/male_head_162.mdl","male_head_162"
"models/cultist/heads/male/male_head_163.mdl","male_head_163"
"models/cultist/heads/male/male_head_164.mdl","male_head_164"
"models/cultist/heads/male/male_head_165.mdl","male_head_165"
"models/cultist/heads/male/male_head_166.mdl","male_head_166"
"models/cultist/heads/male/male_head_167.mdl","male_head_167"
"models/cultist/heads/male/male_head_168.mdl","male_head_168"
"models/cultist/heads/male/male_head_169.mdl","male_head_169"
"models/cultist/heads/male/male_head_17.mdl","male_head_17"
"models/cultist/heads/male/male_head_170.mdl","male_head_170"
"models/cultist/heads/male/male_head_171.mdl","male_head_171"
"models/cultist/heads/male/male_head_172.mdl","male_head_172"
"models/cultist/heads/male/male_head_173.mdl","male_head_173"
"models/cultist/heads/male/male_head_174.mdl","male_head_174"
"models/cultist/heads/male/male_head_175.mdl","male_head_175"
"models/cultist/heads/male/male_head_176.mdl","male_head_176"
"models/cultist/heads/male/male_head_177.mdl","male_head_177"
"models/cultist/heads/male/male_head_178.mdl","male_head_178"
"models/cultist/heads/male/male_head_179.mdl","male_head_179"
"models/cultist/heads/male/male_head_18.mdl","male_head_18"
"models/cultist/heads/male/male_head_180.mdl","male_head_180"
"models/cultist/heads/male/male_head_181.mdl","male_head_181"
"models/cultist/heads/male/male_head_182.mdl","male_head_182"
"models/cultist/heads/male/male_head_183.mdl","male_head_183"
"models/cultist/heads/male/male_head_184.mdl","male_head_184"
"models/cultist/heads/male/male_head_185.mdl","male_head_185"
"models/cultist/heads/male/male_head_186.mdl","male_head_186"
"models/cultist/heads/male/male_head_187.mdl","male_head_187"
"models/cultist/heads/male/male_head_188.mdl","male_head_188"
"models/cultist/heads/male/male_head_189.mdl","male_head_189"
"models/cultist/heads/male/male_head_19.mdl","male_head_19"
"models/cultist/heads/male/male_head_190.mdl","male_head_190"
"models/cultist/heads/male/male_head_191.mdl","male_head_191"
"models/cultist/heads/male/male_head_192.mdl","male_head_192"
"models/cultist/heads/male/male_head_193.mdl","male_head_193"
"models/cultist/heads/male/male_head_194.mdl","male_head_194"
"models/cultist/heads/male/male_head_195.mdl","male_head_195"
"models/cultist/heads/male/male_head_196.mdl","male_head_196"
"models/cultist/heads/male/male_head_197.mdl","male_head_197"
"models/cultist/heads/male/male_head_198.mdl","male_head_198"
"models/cultist/heads/male/male_head_199.mdl","male_head_199"
"models/cultist/heads/male/male_head_2.mdl","male_head_2"
"models/cultist/heads/male/male_head_20.mdl","male_head_20"
"models/cultist/heads/male/male_head_200.mdl","male_head_200"
"models/cultist/heads/male/male_head_201.mdl","male_head_201"
"models/cultist/heads/male/male_head_202.mdl","male_head_202"
"models/cultist/heads/male/male_head_203.mdl","male_head_203"
"models/cultist/heads/male/male_head_204.mdl","male_head_204"
"models/cultist/heads/male/male_head_205.mdl","male_head_205"
"models/cultist/heads/male/male_head_206.mdl","male_head_206"
"models/cultist/heads/male/male_head_207.mdl","male_head_207"
"models/cultist/heads/male/male_head_208.mdl","male_head_208"
"models/cultist/heads/male/male_head_209.mdl","male_head_209"
"models/cultist/heads/male/male_head_21.mdl","male_head_21"
"models/cultist/heads/male/male_head_210.mdl","male_head_210"
"models/cultist/heads/male/male_head_211.mdl","male_head_211"
"models/cultist/heads/male/male_head_212.mdl","male_head_212"
"models/cultist/heads/male/male_head_213.mdl","male_head_213"
"models/cultist/heads/male/male_head_214.mdl","male_head_214"
"models/cultist/heads/male/male_head_215.mdl","male_head_215"
"models/cultist/heads/male/male_head_22.mdl","male_head_22"
"models/cultist/heads/male/male_head_23.mdl","male_head_23"
"models/cultist/heads/male/male_head_24.mdl","male_head_24"
"models/cultist/heads/male/male_head_25.mdl","male_head_25"
"models/cultist/heads/male/male_head_26.mdl","male_head_26"
"models/cultist/heads/male/male_head_27.mdl","male_head_27"
"models/cultist/heads/male/male_head_28.mdl","male_head_28"
"models/cultist/heads/male/male_head_29.mdl","male_head_29"
"models/cultist/heads/male/male_head_3.mdl","male_head_3"
"models/cultist/heads/male/male_head_30.mdl","male_head_30"
"models/cultist/heads/male/male_head_31.mdl","male_head_31"
"models/cultist/heads/male/male_head_32.mdl","male_head_32"
"models/cultist/heads/male/male_head_33.mdl","male_head_33"
"models/cultist/heads/male/male_head_34.mdl","male_head_34"
"models/cultist/heads/male/male_head_35.mdl","male_head_35"
"models/cultist/heads/male/male_head_36.mdl","male_head_36"
"models/cultist/heads/male/male_head_37.mdl","male_head_37"
"models/cultist/heads/male/male_head_38.mdl","male_head_38"
"models/cultist/heads/male/male_head_39.mdl","male_head_39"
"models/cultist/heads/male/male_head_4.mdl","male_head_4"
"models/cultist/heads/male/male_head_40.mdl","male_head_40"
"models/cultist/heads/male/male_head_41.mdl","male_head_41"
"models/cultist/heads/male/male_head_42.mdl","male_head_42"
"models/cultist/heads/male/male_head_43.mdl","male_head_43"
"models/cultist/heads/male/male_head_44.mdl","male_head_44"
"models/cultist/heads/male/male_head_45.mdl","male_head_45"
"models/cultist/heads/male/male_head_46.mdl","male_head_46"
"models/cultist/heads/male/male_head_47.mdl","male_head_47"
"models/cultist/heads/male/male_head_48.mdl","male_head_48"
"models/cultist/heads/male/male_head_49.mdl","male_head_49"
"models/cultist/heads/male/male_head_5.mdl","male_head_5"
"models/cultist/heads/male/male_head_50.mdl","male_head_50"
"models/cultist/heads/male/male_head_51.mdl","male_head_51"
"models/cultist/heads/male/male_head_52.mdl","male_head_52"
"models/cultist/heads/male/male_head_53.mdl","male_head_53"
"models/cultist/heads/male/male_head_54.mdl","male_head_54"
"models/cultist/heads/male/male_head_55.mdl","male_head_55"
"models/cultist/heads/male/male_head_56.mdl","male_head_56"
"models/cultist/heads/male/male_head_57.mdl","male_head_57"
"models/cultist/heads/male/male_head_58.mdl","male_head_58"
"models/cultist/heads/male/male_head_59.mdl","male_head_59"
"models/cultist/heads/male/male_head_6.mdl","male_head_6"
"models/cultist/heads/male/male_head_60.mdl","male_head_60"
"models/cultist/heads/male/male_head_61.mdl","male_head_61"
"models/cultist/heads/male/male_head_62.mdl","male_head_62"
"models/cultist/heads/male/male_head_63.mdl","male_head_63"
"models/cultist/heads/male/male_head_64.mdl","male_head_64"
"models/cultist/heads/male/male_head_65.mdl","male_head_65"
"models/cultist/heads/male/male_head_66.mdl","male_head_66"
"models/cultist/heads/male/male_head_67.mdl","male_head_67"
"models/cultist/heads/male/male_head_68.mdl","male_head_68"
"models/cultist/heads/male/male_head_69.mdl","male_head_69"
"models/cultist/heads/male/male_head_7.mdl","male_head_7"
"models/cultist/heads/male/male_head_70.mdl","male_head_70"
"models/cultist/heads/male/male_head_71.mdl","male_head_71"
"models/cultist/heads/male/male_head_72.mdl","male_head_72"
"models/cultist/heads/male/male_head_73.mdl","male_head_73"
"models/cultist/heads/male/male_head_74.mdl","male_head_74"
"models/cultist/heads/male/male_head_75.mdl","male_head_75"
"models/cultist/heads/male/male_head_76.mdl","male_head_76"
"models/cultist/heads/male/male_head_77.mdl","male_head_77"
"models/cultist/heads/male/male_head_78.mdl","male_head_78"
"models/cultist/heads/male/male_head_79.mdl","male_head_79"
"models/cultist/heads/male/male_head_8.mdl","male_head_8"
"models/cultist/heads/male/male_head_80.mdl","male_head_80"
"models/cultist/heads/male/male_head_81.mdl","male_head_81"
"models/cultist/heads/male/male_head_82.mdl","male_head_82"
"models/cultist/heads/male/male_head_83.mdl","male_head_83"
"models/cultist/heads/male/male_head_84.mdl","male_head_84"
"models/cultist/heads/male/male_head_85.mdl","male_head_85"
"models/cultist/heads/male/male_head_86.mdl","male_head_86"
"models/cultist/heads/male/male_head_87.mdl","male_head_87"
"models/cultist/heads/male/male_head_88.mdl","male_head_88"
"models/cultist/heads/male/male_head_89.mdl","male_head_89"
"models/cultist/heads/male/male_head_9.mdl","male_head_9"
"models/cultist/heads/male/male_head_90.mdl","male_head_90"
"models/cultist/heads/male/male_head_91.mdl","male_head_91"
"models/cultist/heads/male/male_head_92.mdl","male_head_92"
"models/cultist/heads/male/male_head_93.mdl","male_head_93"
"models/cultist/heads/male/male_head_94.mdl","male_head_94"
"models/cultist/heads/male/male_head_95.mdl","male_head_95"
"models/cultist/heads/male/male_head_96.mdl","male_head_96"
"models/cultist/heads/male/male_head_97.mdl","male_head_97"
"models/cultist/heads/male/male_head_98.mdl","male_head_98"
"models/cultist/heads/male/male_head_99.mdl","male_head_99"
"models/cultist/heads/male/hair/hair_1.mdl","hair_1"
"models/cultist/heads/male/hair/hair_2.mdl","hair_2"
"models/cultist/heads/male/hair/hair_3.mdl","hair_3"
"models/cultist/heads/male/hair/hair_4.mdl","hair_4"
"models/cultist/humans/balaclavas_new/balaclava_full.mdl","balaclava_full"
"models/cultist/humans/balaclavas_new/balaclava_half.mdl","balaclava_half"
"models/cultist/humans/balaclavas_new/head_balaclava_month.mdl","head_balaclava_month"
"models/breach/items/ammocrate_full.mdl","ammocrate_full"
"models/chemers/cheemer.mdl","cheemer"
"models/chemers/v_cheemer.mdl","v_cheemer"
"models/codbo/other/autoturret.mdl","autoturret"
"models/comradealex/mgs5/hp-48/hp-48test.mdl","hp-48test"
"models/cultist/armory/armory.mdl","armory"
"models/cultist/armor_pickable/clothing.mdl","clothing"
"models/cultist/armor_pickable/heavy_armor.mdl","heavy_armor"
"models/cultist/armor_pickable/heavy_helmet.mdl","heavy_helmet"
"models/cultist/armor_pickable/light_armor.mdl","light_armor"
"models/cultist/armor_pickable/light_helmet.mdl","light_helmet"
"models/cultist/armor_pickable/bone_merge/heavy_armor.mdl","heavy_armor"
"models/cultist/armor_pickable/bone_merge/light_armor.mdl","light_armor"
"models/cultist/backpacks/bonemerge/backpack_big.mdl","backpack_big"
"models/cultist/backpacks/bonemerge/backpack_small.mdl","backpack_small"
"models/cultist/backpacks/world/backpack_big.mdl","backpack_big"
"models/cultist/backpacks/world/backpack_small.mdl","backpack_small"
"models/cultist/items/big_bag.mdl","big_bag"
"models/cultist/items/small_bag.mdl","small_bag"
"models/cultist/items/adrenalin/v_adrenaline.mdl","v_adrenaline"
"models/cultist/items/adrenalin/w_adrenaline.mdl","w_adrenaline"
"models/cultist/items/ammo_boxes/ammo_box.mdl","ammo_box"
"models/cultist/items/battery/battery.mdl","battery"
"models/cultist/items/blue_screwdriver/w_screwdriver.mdl","w_screwdriver"
"models/cultist/items/booster/v_syringe.mdl","v_syringe"
"models/cultist/items/booster/w_syringe.mdl","w_syringe"
"models/cultist/items/coffe/v_coffe.mdl","v_coffe"
"models/cultist/items/coffe/w_coffe.mdl","w_coffe"
"models/cultist/items/coin/coin.mdl","coin"
"models/cultist/items/danradio/c_radio.mdl","c_radio"
"models/cultist/items/danradio/w_radio.mdl","w_radio"
"models/cultist/items/defib/bonemerge_medic_difib.mdl","bonemerge_medic_difib"
"models/cultist/items/defib/defibrillator_item.mdl","defibrillator_item"
"models/cultist/items/defib/medic_difib.mdl","medic_difib"
"models/cultist/items/defib/v_defib.mdl","v_defib"
"models/cultist/items/defib/w_defib.mdl","w_defib"
"models/cultist/items/drinks/v_energy_drink.mdl","v_energy_drink"
"models/cultist/items/drinks/w_energy_drink.mdl","w_energy_drink"
"models/cultist/items/eyedrops/eyedrops.mdl","eyedrops"
"models/cultist/items/flashlight/bonemerge.mdl","bonemerge"
"models/cultist/items/flashlight/v_item_maglite.mdl","v_item_maglite"
"models/cultist/items/flashlight/w_item_maglite.mdl","w_item_maglite"
"models/cultist/items/hacker_crack/v_hacker_hack.mdl","v_hacker_hack"
"models/cultist/items/hacker_crack/w_hacker_hack.mdl","w_hacker_hack"
"models/cultist/items/hamburger/v_hamburger.mdl","v_hamburger"
"models/cultist/items/hamburger/w_hamburger.mdl","w_hamburger"
"models/cultist/items/hand_keycard/hand_keycard.mdl","hand_keycard"
"models/cultist/items/id_cards/id_card_guard.mdl","id_card_guard"
"models/cultist/items/id_cards/id_card_medic.mdl","id_card_medic"
"models/cultist/items/id_cards/id_card_sci.mdl","id_card_sci"
"models/cultist/items/id_cards/id_w_card_guard.mdl","id_w_card_guard"
"models/cultist/items/id_cards/id_w_card_medic.mdl","id_w_card_medic"
"models/cultist/items/id_cards/id_w_card_sci.mdl","id_w_card_sci"
"models/cultist/items/keycards/v_keycard.mdl","v_keycard"
"models/cultist/items/keycards/w_keycard.mdl","w_keycard"
"models/cultist/items/medkit/v_medkit.mdl","v_medkit"
"models/cultist/items/medkit/w_medkit.mdl","w_medkit"
"models/cultist/items/nightvision/bonemerge_nvg_forface.mdl","bonemerge_nvg_forface"
"models/cultist/items/nightvision/v_night_vision.mdl","v_night_vision"
"models/cultist/items/nightvision/w_nvg_forface.mdl","w_nvg_forface"
"models/cultist/items/painpills/v_painpills.mdl","v_painpills"
"models/cultist/items/painpills/w_painpills.mdl","w_painpills"
"models/cultist/items/snav/snav.mdl","snav"
"models/cultist/items/snav/v_snav.mdl","v_snav"
"models/cultist/items/taser/c_taser_small.mdl","c_taser_small"
"models/cultist/items/taser/v_pepperspray.mdl","v_pepperspray"
"models/cultist/items/taser/v_taserbig.mdl","v_taserbig"
"models/cultist/items/taser/w_pepperspray.mdl","w_pepperspray"
"models/cultist/items/taser/w_taserbig.mdl","w_taserbig"
"models/cultist/items/taser/w_taser_small.mdl","w_taser_small"
"models/cultist/items/toolbox/tool_box.mdl","tool_box"
"models/cultist/items/uiu_agent_whgrenade/grenade.mdl","grenade"
"models/cultist/scp_items/005/scp_005.mdl","scp_005"
"models/cultist/scp_items/005/v_scp_005.mdl","v_scp_005"
"models/cultist/scp_items/009/v_scp009.mdl","v_scp009"
"models/cultist/scp_items/009/w_scp_009.mdl","w_scp_009"
"models/cultist/scp_items/1033/scp_1033_ru.mdl","scp_1033_ru"
"models/cultist/scp_items/1079/scp_1079.mdl","scp_1079"
"models/cultist/scp_items/109/v_scp_109.mdl","v_scp_109"
"models/cultist/scp_items/109/w_scp_109.mdl","w_scp_109"
"models/cultist/scp_items/1499/v_1499.mdl","v_1499"
"models/cultist/scp_items/1499/w_1499.mdl","w_1499"
"models/cultist/scp_items/178/v_178.mdl","v_178"
"models/cultist/scp_items/178/w_178.mdl","w_178"
"models/cultist/scp_items/207/v_scp_207.mdl","v_scp_207"
"models/cultist/scp_items/207/w_scp_207.mdl","w_scp_207"
"models/cultist/scp_items/215/v_215.mdl","v_215"
"models/cultist/scp_items/215/w_215.mdl","w_215"
"models/cultist/scp_items/409/scp_409_big.mdl","scp_409_big"
"models/cultist/scp_items/409/v_scp_409.mdl","v_scp_409"
"models/cultist/scp_items/409/w_scp_409.mdl","w_scp_409"
"models/cultist/scp_items/420/scp420.mdl","scp420"
"models/cultist/scp_items/427/scp_427.mdl","scp_427"
"models/cultist/scp_items/447/scp_447.mdl","scp_447"
"models/cultist/scp_items/500/scp500.mdl","scp500"
"models/cultist/scp_items/714/scp714.mdl","scp714"
"models/cultist/scp_items/scp122/v_scp122.mdl","v_scp122"
"models/cultist/scp_items/scp122/w_scp122.mdl","w_scp122"
"models/cult_props/entity/generator.mdl","generator"
"models/cult_props/entity/workbench.mdl","workbench"
"models/gmod4phun/c_contagion_gasmask.mdl","c_contagion_gasmask"
"models/gmod4phun/w_contagion_gasmask.mdl","w_contagion_gasmask"
"models/gmod4phun/w_contagion_gasmask_equipped.mdl","w_contagion_gasmask_equipped"
"models/gmod4phun/w_hazmat_1mask.mdl","w_hazmat_1mask"
"models/gmod4phun/w_hazmat_2mask.mdl","w_hazmat_2mask"
"models/jessev92/weapons/unarmed_c.mdl","unarmed_c"
"models/mishka/models/scp1025.mdl","scp1025"
"models/props/scp_vendor.mdl","scp_vendor"
"models/props_breach/goc_shield.mdl","goc_shield"
"models/scpcars/scpp_wrangler_fnf.mdl","scpp_wrangler_fnf"
"models/scp_chaos_jeep/chaos_jeep.mdl","chaos_jeep"
"models/scp_documents/secret_document.mdl","secret_document"
"models/scp_documents/secret_document_fbi.mdl","secret_document_fbi"
"models/scp_helicopter/resque_helicopter.mdl","resque_helicopter"
"models/scp_items/scp268/scp268.mdl","scp268"
"models/scp_locker/scp_locker.mdl","scp_locker"
"models/scp_trap/hunter_trap.mdl","hunter_trap"
"models/shaky/breachisreal.mdl","breachisreal"
"models/shaky/goc_teleporter.mdl","goc_teleporter"
"models/shaky/breach/gift.mdl","gift"
"models/shaky/items/scp/scp294/v_scp294.mdl","v_scp294"
"models/special_sci_props/mine.mdl","mine"
"models/vinrax/props/cup_294.mdl","cup_294"
"models/vinrax/scp294/scp294_lg.mdl","scp294_lg"
"models/vinrax/scp294/scp294_ru.mdl","scp294_ru"
"models/weapons/c_handlooker.mdl","c_handlooker"
"models/weapons/w_flashlight_fixed.mdl","w_flashlight_fixed"
"models/weapons/breach_melee/v_crowbar.mdl","v_crowbar"
"models/weapons/breach_melee/v_fireaxe.mdl","v_fireaxe"
"models/weapons/breach_melee/v_hammer.mdl","v_hammer"
"models/weapons/breach_melee/v_metal_pipe.mdl","v_metal_pipe"
"models/weapons/breach_melee/v_pipe.mdl","v_pipe"
"models/weapons/breach_melee/v_scp_axe.mdl","v_scp_axe"
"models/weapons/breach_melee/v_tonfa.mdl","v_tonfa"
"models/weapons/breach_melee/w_crowbar.mdl","w_crowbar"
"models/weapons/breach_melee/w_fireaxe.mdl","w_fireaxe"
"models/weapons/breach_melee/w_hammer.mdl","w_hammer"
"models/weapons/breach_melee/w_metal_pipe.mdl","w_metal_pipe"
"models/weapons/breach_melee/w_pipe.mdl","w_pipe"
"models/weapons/breach_melee/w_scp_axe.mdl","w_scp_axe"
"models/weapons/breach_melee/w_tonfa.mdl","w_tonfa"
"models/weapons/gaus/c_gauss.mdl","c_gauss"
"models/weapons/gaus/w_gauss_fixed_2.mdl","w_gauss_fixed_2"
"models/weapons/horizon/v_csgo_stiletto.mdl","v_csgo_stiletto"
"models/weapons/horizon/w_csgo_stiletto.mdl","w_csgo_stiletto"
"models/weapons/shaky/breach_items/battery/v_battery.mdl","v_battery"
"models/weapons/shaky/breach_items/tazer/v_tazer.mdl","v_tazer"
"models/weapons/shaky/scp_items/scp_268/v_scp_268.mdl","v_scp_268"
"models/weapons/tfa_l4d2/c_kf2_katana.mdl","c_kf2_katana"
"models/weapons/tfa_l4d2/w_kf2_katana.mdl","w_kf2_katana"
"models/2ombine_soldier_anims.mdl","2ombine_soldier_anims"
"models/b_anm.mdl","b_anm"
"models/mpf_animations.mdl","mpf_animations"
"models/mpf_animations_2.mdl","mpf_animations_2"
"models/breach_animations/anim_default.mdl","anim_default"
"models/breach_animations/anim_default_pm.mdl","anim_default_pm"
"models/breach_animations/anim_extension_ahl.mdl","anim_extension_ahl"
"models/breach_animations/anim_extension_aoc.mdl","anim_extension_aoc"
"models/breach_animations/anim_extension_bs.mdl","anim_extension_bs"
"models/breach_animations/anim_extension_wos.mdl","anim_extension_wos"
"models/breach_animations/l4d_melee.mdl","l4d_melee"
"models/breach_animations/cultist/action_halflife.mdl","action_halflife"
"models/breach_animations/cultist/ak_anims_ct.mdl","ak_anims_ct"
"models/breach_animations/cultist/ak_anims_t.mdl","ak_anims_t"
"models/breach_animations/cultist/animations_shield.mdl","animations_shield"
"models/breach_animations/cultist/cs_player_shared.mdl","cs_player_shared"
"models/breach_animations/cultist/customs.mdl","customs"
"models/breach_animations/cultist/day_of_defeat.mdl","day_of_defeat"
"models/breach_animations/cultist/zombie_combine.mdl","zombie_combine"
"models/breach_anims/bor_progib.mdl","bor_progib"
"models/breach_anims/funny_dances.mdl","funny_dances"
"models/breach_anims/human_suicide.mdl","human_suicide"
"models/breach_anims/scp_049_anms.mdl","scp_049_anms"
"models/breach_anims/scp_106_542_anms.mdl","scp_106_542_anms"
"models/breach_anims/scp_106_new_anms.mdl","scp_106_new_anms"
"models/breach_anims/scp_2012_anims.mdl","scp_2012_anims"
"models/breach_anims/scp_811_anms.mdl","scp_811_anms"
"models/breach_anims/scp_973_anms.mdl","scp_973_anms"
"models/breach_anims/zombie_anims_breach.mdl","zombie_anims_breach"
"models/bumans/male_gestures.mdl","male_gestures"
"models/bumans/male_postures.mdl","male_postures"
"models/bumans/male_shared.mdl","male_shared"
"models/bumans/male_ss.mdl","male_ss"
"models/player_breach/ahl_player_shared.mdl","ahl_player_shared"
"models/player_breach/anim_judgement.mdl","anim_judgement"
"models/player_breach/anim_phalanx.mdl","anim_phalanx"
"models/player_breach/anim_pure.mdl","anim_pure"
"models/player_breach/anim_ryoku.mdl","anim_ryoku"
"models/player_breach/anim_vanguard.mdl","anim_vanguard"
"models/player_breach/aoc_male_anims.mdl","aoc_male_anims"
"models/player_breach/player_anim_shared.mdl","player_anim_shared"
"models/player_breach/wiltos/special/wos_bs_judge.mdl","wos_bs_judge"
"models/player_breach/wiltos/special/wos_bs_phalanx.mdl","wos_bs_phalanx"
"models/player_breach/wiltos/special/wos_bs_shared.mdl","wos_bs_shared"
"models/shaky/chaos_sup_spawn_anims.mdl","chaos_sup_spawn_anims"
"models/shaky/cultist_anims.mdl","cultist_anims"
"models/shaky/emotes.mdl","emotes"
"models/shaky/fbi_sup_spawn_anims.mdl","fbi_sup_spawn_anims"
"models/shaky/new_anims.mdl","new_anims"
"models/shaky/rus_sup_spawn_anims.mdl","rus_sup_spawn_anims"
"models/cultist/humans/alpha1/alphal_body.mdl","alphal_body"
"models/cultist/humans/alpha1/alphal_specialist_body.mdl","alphal_specialist_body"
"models/cultist/humans/alpha1/head/alphal_com_head.mdl","alphal_com_head"
"models/cultist/humans/alpha1/head/alphal_shocktropper_head.mdl","alphal_shocktropper_head"
"models/cultist/humans/alpha1/head/alphal_sniper_head.mdl","alphal_sniper_head"
"models/cultist/humans/alpha1/head/alphal_soldier_head.mdl","alphal_soldier_head"
"models/cultist/humans/alpha1/head/alphal_specialist_head.mdl","alphal_specialist_head"
"models/cultist/humans/ettra/ettra.mdl","ettra"
"models/cultist/humans/ettra/ettra_body.mdl","ettra_body"
"models/cultist/humans/ettra/ettra_medic_body.mdl","ettra_medic_body"
"models/cultist/humans/ettra/head/ettra_comm_head.mdl","ettra_comm_head"
"models/cultist/humans/ettra/head/ettra_head.mdl","ettra_head"
"models/cultist/humans/ettra/head/ettra_medic_head.mdl","ettra_medic_head"
"models/cultist/humans/gru/gru.mdl","gru"
"models/cultist/humans/gru/gruu.mdl","gruu"
"models/cultist/humans/gru/gru_aefa.mdl","gru_aefa"
"models/cultist/humans/gru/gru_bzd.mdl","gru_bzd"
"models/cultist/humans/gru/gru_bzd_bzd.mdl","gru_bzd_bzd"
"models/cultist/humans/gru/gru_jjshou.mdl","gru_jjshou"
"models/cultist/humans/gru/gru_sbing.mdl","gru_sbing"
"models/cultist/humans/gru/gru_shibing.mdl","gru_shibing"
"models/cultist/humans/gru/gru_zhengwei.mdl","gru_zhengwei"
"models/cultist/humans/gru/gru_zhihuiguan.mdl","gru_zhihuiguan"
"models/cultist/humans/gru/gru_zhiyuan.mdl","gru_zhiyuan"
"models/cultist/humans/gru/gru_zzhuang.mdl","gru_zzhuang"
"models/cultist/humans/gru/hands/c_arms_russians.mdl","c_arms_russians"
"models/cultist/humans/gru/head/gru_tou.mdl","gru_tou"
"models/cultist/humans/gru/head/gru_tou_com.mdl","gru_tou_com"
"models/cultist/humans/gru/helmet/gru_bzd.mdl","gru_bzd"
"models/cultist/humans/gru/helmet/gru_bzd_bzd.mdl","gru_bzd_bzd"
"models/cultist/humans/gru/helmet/gru_sbing.mdl","gru_sbing"
"models/cultist/humans/gru/helmet/gru_zhiyuan_tou_1.mdl","gru_zhiyuan_tou_1"
"models/cultist/humans/gru/helmet/gru_zhiyuan_tou_2.mdl","gru_zhiyuan_tou_2"
"models/cultist/humans/gru/helmet/gru_zhiyuan_tou_3.mdl","gru_zhiyuan_tou_3"
"models/cultist/humans/gru/helmet/gru_zzhuangtou.mdl","gru_zzhuangtou"
"models/cultist/humans/mcd/mcd.mdl","mcd"
"models/cultist/humans/mcd/mcd_body_comm.mdl","mcd_body_comm"
"models/cultist/humans/mcd/head/mcd_head.mdl","mcd_head"
"models/cultist/humans/mcd/head/mcd_head_comm.mdl","mcd_head_comm"
"models/cultist/humans/mog/headsite_weizhi.mdl","headsite_weizhi"
"models/minic23/csgo/ballistic_shield.mdl","ballistic_shield"
"models/minic23/csgo/bumpmine.mdl","bumpmine"
"models/minic23/csgo/exojump_bonemerge.mdl","exojump_bonemerge"
"models/minic23/csgo/exojump_dropped.mdl","exojump_dropped"
"models/minic23/csgo/exojump_ragdoll.mdl","exojump_ragdoll"
"models/scp_gru_jeep/gru_jeep_new.mdl","gru_jeep_new"
"models/rtcircle.mdl","rtcircle"
"models/bullets/w_pbullet1.mdl","w_pbullet1"
"models/bullets/w_pbullet2.mdl","w_pbullet2"
"models/entities/tfa_codww2/shells/fx_12gauge.mdl","fx_12gauge"
"models/entities/tfa_codww2/shells/fx_50bmg.mdl","fx_50bmg"
"models/entities/tfa_codww2/shells/fx_556.mdl","fx_556"
"models/entities/tfa_codww2/shells/fx_762.mdl","fx_762"
"models/entities/tfa_codww2/shells/fx_9mm.mdl","fx_9mm"
"models/entities/tfa_codww2/shells/fx_incen.mdl","fx_incen"
"models/items/sniper_round_box.mdl","sniper_round_box"
"models/items/tfa/ar2_grenade.mdl","ar2_grenade"
"models/items/tfa/boxar2grenades.mdl","boxar2grenades"
"models/tfa/lbeam.mdl","lbeam"
"models/tfa/pistolshell.mdl","pistolshell"
"models/tfa/rifleshell.mdl","rifleshell"
"models/tfa/shotgunshell.mdl","shotgunshell"
"models/weapons/cas_girl_panzerfaust_warhead.mdl","cas_girl_panzerfaust_warhead"
"models/weapons/c_crowbar_frame.mdl","c_crowbar_frame"
"models/weapons/v_panzerfaust_casgirl.mdl","v_panzerfaust_casgirl"
"models/weapons/v_snip_m95.mdl","v_snip_m95"
"models/weapons/v_zrg_bocw.mdl","v_zrg_bocw"
"models/weapons/w_cas_girl_panzerfaust.mdl","w_cas_girl_panzerfaust"
"models/weapons/w_snip_m95.mdl","w_snip_m95"
"models/weapons/w_tfa_arrow.mdl","w_tfa_arrow"
"models/weapons/w_zrg_bocw.mdl","w_zrg_bocw"
"models/weapons/w_zrg_bocw_fix.mdl","w_zrg_bocw_fix"
"models/weapons/bo3/shared/attach/c_bo3_boa3.mdl","c_bo3_boa3"
"models/weapons/bo3/shared/attach/c_bo3_elo.mdl","c_bo3_elo"
"models/weapons/bo3/shared/attach/c_bo3_recon.mdl","c_bo3_recon"
"models/weapons/bo3/shared/attach/c_bo3_reflex.mdl","c_bo3_reflex"
"models/weapons/bo3/shared/attach/c_bo3_thermal_scope.mdl","c_bo3_thermal_scope"
"models/weapons/bo3/shared/attach/c_bo3_varix_3.mdl","c_bo3_varix_3"
"models/weapons/tfa_bo3/balknife/balknife_projectile.mdl","balknife_projectile"
"models/weapons/tfa_bo3/balknife/c_balknife.mdl","c_balknife"
"models/weapons/tfa_bo3/balknife/w_balknife.mdl","w_balknife"
"models/weapons/tfa_bo3/balknife/w_balknife_left.mdl","w_balknife_left"
"models/weapons/tfa_bo3/blackcell/blackcell_projectile.mdl","blackcell_projectile"
"models/weapons/tfa_bo3/blackcell/c_blackcell.mdl","c_blackcell"
"models/weapons/tfa_bo3/blackcell/w_blackcell.mdl","w_blackcell"
"models/weapons/tfa_bo3/chaser/chaser_mask.mdl","chaser_mask"
"models/weapons/tfa_bo3/chaser/c_chaser.mdl","c_chaser"
"models/weapons/tfa_bo3/chaser/w_chaser.mdl","w_chaser"
"models/weapons/tfa_bo3/discgun/c_discgun.mdl","c_discgun"
"models/weapons/tfa_bo3/discgun/discgun_projectile.mdl","discgun_projectile"
"models/weapons/tfa_bo3/discgun/w_discgun.mdl","w_discgun"
"models/weapons/tfa_bo3/ex41/c_ex41.mdl","c_ex41"
"models/weapons/tfa_bo3/ex41/ex41_projectile.mdl","ex41_projectile"
"models/weapons/tfa_bo3/ex41/ex41_shell.mdl","ex41_shell"
"models/weapons/tfa_bo3/ex41/w_ex41.mdl","w_ex41"
"models/weapons/tfa_bo3/hero_annihilator/c_hero_annihilator.mdl","c_hero_annihilator"
"models/weapons/tfa_bo3/hero_annihilator/w_hero_annihilator.mdl","w_hero_annihilator"
"models/weapons/tfa_bo3/hero_bow/c_hero_bow.mdl","c_hero_bow"
"models/weapons/tfa_bo3/hero_bow/hero_bow_projectile.mdl","hero_bow_projectile"
"models/weapons/tfa_bo3/hero_bow/w_hero_bow.mdl","w_hero_bow"
"models/weapons/tfa_bo3/hero_chemgun/c_hero_chemgun.mdl","c_hero_chemgun"
"models/weapons/tfa_bo3/hero_chemgun/hero_chemgun_hive.mdl","hero_chemgun_hive"
"models/weapons/tfa_bo3/hero_chemgun/w_hero_chemgun.mdl","w_hero_chemgun"
"models/weapons/tfa_bo3/hero_flamethrower/c_hero_flamethrower.mdl","c_hero_flamethrower"
"models/weapons/tfa_bo3/hero_flamethrower/w_hero_flamethrower.mdl","w_hero_flamethrower"
"models/weapons/tfa_bo3/hero_lightning_gun/c_hero_lightning_gun.mdl","c_hero_lightning_gun"
"models/weapons/tfa_bo3/hero_lightning_gun/w_hero_lightning_gun.mdl","w_hero_lightning_gun"
"models/weapons/tfa_bo3/hero_mgl/c_hero_mgl.mdl","c_hero_mgl"
"models/weapons/tfa_bo3/hero_mgl/c_hero_mgl_scope.mdl","c_hero_mgl_scope"
"models/weapons/tfa_bo3/hero_mgl/hero_mgl_bomblet.mdl","hero_mgl_bomblet"
"models/weapons/tfa_bo3/hero_mgl/hero_mgl_projectile.mdl","hero_mgl_projectile"
"models/weapons/tfa_bo3/hero_mgl/w_hero_mgl.mdl","w_hero_mgl"
"models/weapons/tfa_bo3/hero_mgl/w_hero_mgl_scope.mdl","w_hero_mgl_scope"
"models/weapons/tfa_bo3/hero_minigun/c_hero_minigun.mdl","c_hero_minigun"
"models/weapons/tfa_bo3/hero_minigun/w_hero_minigun.mdl","w_hero_minigun"
"models/weapons/tfa_bo3/minigun/c_minigun.mdl","c_minigun"
"models/weapons/tfa_bo3/minigun/w_minigun.mdl","w_minigun"
"models/weapons/tfa_bo3/multi_launcher/c_multi_launcher.mdl","c_multi_launcher"
"models/weapons/tfa_bo3/multi_launcher/multi_launcher_projectile.mdl","multi_launcher_projectile"
"models/weapons/tfa_bo3/multi_launcher/w_multi_launcher.mdl","w_multi_launcher"
"models/weapons/tfa_bo3/shadowclaw/attach/c_shadowclaw_bayonet.mdl","c_shadowclaw_bayonet"
"models/weapons/tfa_bo3/shadowclaw/attach/c_shadowclaw_scope.mdl","c_shadowclaw_scope"
"models/weapons/tfa_bo3/shadowclaw/attach/c_shadowclaw_tribolt.mdl","c_shadowclaw_tribolt"
"models/weapons/tfa_bo3/shadowclaw/base/c_shadowclaw.mdl","c_shadowclaw"
"models/weapons/tfa_bo3/shadowclaw/base/c_shadowclaw_base_supply.mdl","c_shadowclaw_base_supply"
"models/weapons/tfa_bo3/shadowclaw/base/c_shadowclaw_mag.mdl","c_shadowclaw_mag"
"models/weapons/tfa_bo3/shadowclaw/base/c_shadowclaw_sight.mdl","c_shadowclaw_sight"
"models/weapons/tfa_bo3/shadowclaw/base/shadowclaw_projectile.mdl","shadowclaw_projectile"
"models/weapons/tfa_bo3/shadowclaw/base/w_shadowclaw.mdl","w_shadowclaw"
"models/weapons/tfa_bo3/spikelauncher/c_spikelauncher.mdl","c_spikelauncher"
"models/weapons/tfa_bo3/spikelauncher/spikelauncher_projectile.mdl","spikelauncher_projectile"
"models/weapons/tfa_bo3/spikelauncher/w_spikelauncher.mdl","w_spikelauncher"
"models/weapons/tfa_bo3/xm53/c_xm53.mdl","c_xm53"
"models/weapons/tfa_bo3/xm53/w_xm53.mdl","w_xm53"
"models/weapons/tfa_bo3/xm53/xm53_projectile.mdl","xm53_projectile"
"models/weapons/tfa_cod/mwr/att/c_acog.mdl","c_acog"
"models/weapons/tfa_cod/mwr/att/c_gp25.mdl","c_gp25"
"models/weapons/tfa_cod/mwr/att/c_gp25_proj.mdl","c_gp25_proj"
"models/weapons/tfa_cod/mwr/att/c_grip_ar.mdl","c_grip_ar"
"models/weapons/tfa_cod/mwr/att/c_grip_xm.mdl","c_grip_xm"
"models/weapons/tfa_cod/mwr/att/c_m203.mdl","c_m203"
"models/weapons/tfa_cod/mwr/att/c_m203_proj.mdl","c_m203_proj"
"models/weapons/tfa_cod/mwr/att/c_rds.mdl","c_rds"
"models/weapons/tfa_cod/mwr/att/c_sil_556.mdl","c_sil_556"
"models/weapons/tfa_cod/mwr/att/c_sil_pist.mdl","c_sil_pist"
"models/weapons/tfa_cod/mwr/att/c_sil_rus.mdl","c_sil_rus"
"models/weapons/tfa_cod/mwr/att/c_sil_smg.mdl","c_sil_smg"
"models/weapons/tfa_codww2/attachments/bayonet/c_ger_bayonet.mdl","c_ger_bayonet"
"models/weapons/tfa_codww2/attachments/bayonet/c_usa_bayonet.mdl","c_usa_bayonet"
"models/weapons/tfa_codww2/attachments/bayonet/w_ger_bayonet.mdl","w_ger_bayonet"
"models/weapons/tfa_codww2/attachments/bayonet/w_usa_bayonet.mdl","w_usa_bayonet"
"models/weapons/tfa_codww2/attachments/ger_rifle_grenade/c_rifle_grenade.mdl","c_rifle_grenade"
"models/weapons/tfa_codww2/attachments/ger_rifle_grenade/grenade_proj.mdl","grenade_proj"
"models/weapons/tfa_codww2/attachments/ger_rifle_grenade/w_rifle_grenade.mdl","w_rifle_grenade"
"models/weapons/tfa_codww2/attachments/sights/c_lens_sight.mdl","c_lens_sight"
"models/weapons/tfa_codww2/attachments/sights/w_lens_sight.mdl","w_lens_sight"
"models/weapons/tfa_codww2/attachments/suppressors/c_hub23_suppressor_pistol.mdl","c_hub23_suppressor_pistol"
"models/weapons/tfa_codww2/attachments/suppressors/c_pistol_suppressor.mdl","c_pistol_suppressor"
"models/weapons/tfa_codww2/attachments/suppressors/c_suppressor_hub23.mdl","c_suppressor_hub23"
"models/weapons/tfa_codww2/attachments/suppressors/w_hub23_suppressor_pistol.mdl","w_hub23_suppressor_pistol"
"models/weapons/tfa_codww2/attachments/suppressors/w_pistol_suppressor.mdl","w_pistol_suppressor"
"models/weapons/tfa_codww2/attachments/suppressors/w_suppressor_hub23.mdl","w_suppressor_hub23"
"models/weapons/tfa_codww2/attachments/tacknife/c_combatknife.mdl","c_combatknife"
"models/weapons/tfa_codww2/attachments/tacknife/w_combatknife.mdl","w_combatknife"
"models/weapons/tfa_codww2/attachments/usa_rifle_grenade/c_rifle_grenade.mdl","c_rifle_grenade"
"models/weapons/tfa_codww2/attachments/usa_rifle_grenade/c_rifle_grenade_projectile.mdl","c_rifle_grenade_projectile"
"models/weapons/tfa_codww2/attachments/usa_rifle_grenade/grenade_proj.mdl","grenade_proj"
"models/weapons/tfa_codww2/attachments/usa_rifle_grenade/w_rifle_grenade.mdl","w_rifle_grenade"
"models/weapons/tfa_codww2/dynamite/c_dynamite.mdl","c_dynamite"
"models/weapons/tfa_codww2/dynamite/w_dynamite.mdl","w_dynamite"
"models/weapons/tfa_codww2/fliegerfaust/c_fliegerfaust.mdl","c_fliegerfaust"
"models/weapons/tfa_codww2/fliegerfaust/c_fliegerfaust_barrel.mdl","c_fliegerfaust_barrel"
"models/weapons/tfa_codww2/fliegerfaust/c_fliegerfaust_mag.mdl","c_fliegerfaust_mag"
"models/weapons/tfa_codww2/fliegerfaust/c_fliegerfaust_receiver.mdl","c_fliegerfaust_receiver"
"models/weapons/tfa_codww2/fliegerfaust/c_fliegerfaust_rocket.mdl","c_fliegerfaust_rocket"
"models/weapons/tfa_codww2/fliegerfaust/c_fliegerfaust_sight.mdl","c_fliegerfaust_sight"
"models/weapons/tfa_codww2/fliegerfaust/c_fliegerfaust_stock.mdl","c_fliegerfaust_stock"
"models/weapons/tfa_codww2/fliegerfaust/fliegerfaust_proj.mdl","fliegerfaust_proj"
"models/weapons/tfa_codww2/fliegerfaust/w_fliegerfaust.mdl","w_fliegerfaust"
"models/weapons/tfa_codww2/fliegerfaust/w_fliegerfaust_barrel.mdl","w_fliegerfaust_barrel"
"models/weapons/tfa_codww2/fliegerfaust/w_fliegerfaust_mag.mdl","w_fliegerfaust_mag"
"models/weapons/tfa_codww2/fliegerfaust/w_fliegerfaust_receiver.mdl","w_fliegerfaust_receiver"
"models/weapons/tfa_codww2/fliegerfaust/w_fliegerfaust_rocket.mdl","w_fliegerfaust_rocket"
"models/weapons/tfa_codww2/fliegerfaust/w_fliegerfaust_sight.mdl","w_fliegerfaust_sight"
"models/weapons/tfa_codww2/fliegerfaust/w_fliegerfaust_stock.mdl","w_fliegerfaust_stock"
"models/weapons/tfa_codww2/ger_ammo_cache/w_ger_ammo_cache.mdl","w_ger_ammo_cache"
"models/weapons/tfa_codww2/ger_healthpack/w_ger_healthpack.mdl","w_ger_healthpack"
"models/weapons/tfa_codww2/ger_health_cache/w_ger_health_cache.mdl","w_ger_health_cache"
"models/weapons/tfa_codww2/m1a1_mine/c_m1a1_mine.mdl","c_m1a1_mine"
"models/weapons/tfa_codww2/m1a1_mine/w_m1a1_mine.mdl","w_m1a1_mine"
"models/weapons/tfa_codww2/smi44_betty/c_smi44_betty.mdl","c_smi44_betty"
"models/weapons/tfa_codww2/smi44_betty/w_smi44_betty.mdl","w_smi44_betty"
"models/weapons/tfa_codww2/usa_ammo_cache/w_usa_ammo_cache.mdl","w_usa_ammo_cache"
"models/weapons/tfa_codww2/usa_health/c_usa_health.mdl","c_usa_health"
"models/weapons/tfa_codww2/usa_health/w_usa_health.mdl","w_usa_health"
"models/weapons/tfa_codww2/usa_healthpack/w_usa_healthpack.mdl","w_usa_healthpack"
"models/weapons/tfa_codww2/usa_health_cache/w_usa_health_cache.mdl","w_usa_health_cache"
"models/wystan/attachments/acog.mdl","acog"
"models/wystan/attachments/aimpoint.mdl","aimpoint"
"models/wystan/attachments/akrailmount.mdl","akrailmount"
"models/wystan/attachments/doctorrds.mdl","doctorrds"
"models/wystan/attachments/eotech557sight.mdl","eotech557sight"
"models/wystan/attachments/rail.mdl","rail"
"models/wystan/attachments_tfa/acog.mdl","acog"
"models/wystan/attachments_tfa/aimpoint.mdl","aimpoint"
"models/wystan/attachments_tfa/akrailmount.mdl","akrailmount"
"models/wystan/attachments_tfa/doctorrds.mdl","doctorrds"
"models/wystan/attachments_tfa/eotech557sight.mdl","eotech557sight"
"models/wystan/attachments_tfa/rail.mdl","rail"
"models/v_cw_kk_ins2_moistsin.mdl","v_cw_kk_ins2_moistsin"
"models/gmod4phun/c_ins_to_gmod_hands.mdl","c_ins_to_gmod_hands"
"models/weapons/v_38rev.mdl","v_38rev"
"models/weapons/v_ak74.mdl","v_ak74"
"models/weapons/v_akm.mdl","v_akm"
"models/weapons/v_aks74u.mdl","v_aks74u"
"models/weapons/v_anm14.mdl","v_anm14"
"models/weapons/v_at4.mdl","v_at4"
"models/weapons/v_beretta.mdl","v_beretta"
"models/weapons/v_br99.mdl","v_br99"
"models/weapons/v_br99_anims.mdl","v_br99_anims"
"models/weapons/v_c4_sec.mdl","v_c4_sec"
"models/weapons/v_cw_kk_doi_1928.mdl","v_cw_kk_doi_1928"
"models/weapons/v_cw_kk_doi_enfield.mdl","v_cw_kk_doi_enfield"
"models/weapons/v_cw_kk_doi_enfield_g.mdl","v_cw_kk_doi_enfield_g"
"models/weapons/v_cw_kk_doi_enfield_m.mdl","v_cw_kk_doi_enfield_m"
"models/weapons/v_cw_kk_doi_garand.mdl","v_cw_kk_doi_garand"
"models/weapons/v_cw_kk_doi_k98.mdl","v_cw_kk_doi_k98"
"models/weapons/v_cw_kk_doi_k98_g.mdl","v_cw_kk_doi_k98_g"
"models/weapons/v_cw_kk_doi_k98_m.mdl","v_cw_kk_doi_k98_m"
"models/weapons/v_cw_kk_doi_m1912.mdl","v_cw_kk_doi_m1912"
"models/weapons/v_cw_kk_doi_m3a1.mdl","v_cw_kk_doi_m3a1"
"models/weapons/v_cw_kk_doi_m3a1_a.mdl","v_cw_kk_doi_m3a1_a"
"models/weapons/v_cw_kk_doi_zooka.mdl","v_cw_kk_doi_zooka"
"models/weapons/v_cw_kk_doi_zooka_p.mdl","v_cw_kk_doi_zooka_p"
"models/weapons/v_cw_kk_ins2_cstm_aug.mdl","v_cw_kk_ins2_cstm_aug"
"models/weapons/v_cw_kk_ins2_cstm_cobra.mdl","v_cw_kk_ins2_cstm_cobra"
"models/weapons/v_cw_kk_ins2_cstm_colt.mdl","v_cw_kk_ins2_cstm_colt"
"models/weapons/v_cw_kk_ins2_cstm_famas.mdl","v_cw_kk_ins2_cstm_famas"
"models/weapons/v_cw_kk_ins2_cstm_g19.mdl","v_cw_kk_ins2_cstm_g19"
"models/weapons/v_cw_kk_ins2_cstm_g36c.mdl","v_cw_kk_ins2_cstm_g36c"
"models/weapons/v_cw_kk_ins2_cstm_kriss.mdl","v_cw_kk_ins2_cstm_kriss"
"models/weapons/v_cw_kk_ins2_cstm_ksg.mdl","v_cw_kk_ins2_cstm_ksg"
"models/weapons/v_cw_kk_ins2_cstm_l85.mdl","v_cw_kk_ins2_cstm_l85"
"models/weapons/v_cw_kk_ins2_cstm_m14.mdl","v_cw_kk_ins2_cstm_m14"
"models/weapons/v_cw_kk_ins2_cstm_m500.mdl","v_cw_kk_ins2_cstm_m500"
"models/weapons/v_cw_kk_ins2_cstm_mp5a4.mdl","v_cw_kk_ins2_cstm_mp5a4"
"models/weapons/v_cw_kk_ins2_cstm_mp7.mdl","v_cw_kk_ins2_cstm_mp7"
"models/weapons/v_cw_kk_ins2_cstm_nade_m39.mdl","v_cw_kk_ins2_cstm_nade_m39"
"models/weapons/v_cw_kk_ins2_cstm_scar.mdl","v_cw_kk_ins2_cstm_scar"
"models/weapons/v_cw_kk_ins2_cstm_scar_tan.mdl","v_cw_kk_ins2_cstm_scar_tan"
"models/weapons/v_cw_kk_ins2_cstm_spas12.mdl","v_cw_kk_ins2_cstm_spas12"
"models/weapons/v_cw_kk_ins2_cstm_sten.mdl","v_cw_kk_ins2_cstm_sten"
"models/weapons/v_cw_kk_ins2_cstm_uzi.mdl","v_cw_kk_ins2_cstm_uzi"
"models/weapons/v_cw_kk_ins2_galil_ace.mdl","v_cw_kk_ins2_galil_ace"
"models/weapons/v_cw_kk_ins2_hands_css.mdl","v_cw_kk_ins2_hands_css"
"models/weapons/v_cw_kk_ins2_m1.mdl","v_cw_kk_ins2_m1"
"models/weapons/v_cw_kk_ins2_m14ebr.mdl","v_cw_kk_ins2_m14ebr"
"models/weapons/v_cw_kk_ins2_m18.mdl","v_cw_kk_ins2_m18"
"models/weapons/v_cw_kk_ins2_m1911.mdl","v_cw_kk_ins2_m1911"
"models/weapons/v_cw_kk_ins2_m1a1.mdl","v_cw_kk_ins2_m1a1"
"models/weapons/v_cw_kk_ins2_m213.mdl","v_cw_kk_ins2_m213"
"models/weapons/v_cw_kk_ins2_m67.mdl","v_cw_kk_ins2_m67"
"models/weapons/v_cw_kk_ins2_mosin_so.mdl","v_cw_kk_ins2_mosin_so"
"models/weapons/v_cw_kk_ins2_mp40.mdl","v_cw_kk_ins2_mp40"
"models/weapons/v_cw_kk_ins2_ninjato.mdl","v_cw_kk_ins2_ninjato"
"models/weapons/v_cw_kk_ins2_rdgm.mdl","v_cw_kk_ins2_rdgm"
"models/weapons/v_cw_kk_ins2_rpg.mdl","v_cw_kk_ins2_rpg"
"models/weapons/v_cw_kk_ins2_rpg_pro.mdl","v_cw_kk_ins2_rpg_pro"
"models/weapons/v_cw_kk_ins2_rpk_tac.mdl","v_cw_kk_ins2_rpk_tac"
"models/weapons/v_f1.mdl","v_f1"
"models/weapons/v_fal.mdl","v_fal"
"models/weapons/v_galil.mdl","v_galil"
"models/weapons/v_galil_sar.mdl","v_galil_sar"
"models/weapons/v_gurkha.mdl","v_gurkha"
"models/weapons/v_hands_ins_h.mdl","v_hands_ins_h"
"models/weapons/v_hands_ins_l.mdl","v_hands_ins_l"
"models/weapons/v_hands_ins_m.mdl","v_hands_ins_m"
"models/weapons/v_hands_sec_h.mdl","v_hands_sec_h"
"models/weapons/v_hands_sec_l.mdl","v_hands_sec_l"
"models/weapons/v_hands_sec_m.mdl","v_hands_sec_m"
"models/weapons/v_hands_vip.mdl","v_hands_vip"
"models/weapons/v_ied_ins.mdl","v_ied_ins"
"models/weapons/v_l1a1.mdl","v_l1a1"
"models/weapons/v_m14.mdl","v_m14"
"models/weapons/v_m16a3.mdl","v_m16a3"
"models/weapons/v_m18.mdl","v_m18"
"models/weapons/v_m1911.mdl","v_m1911"
"models/weapons/v_m1a1.mdl","v_m1a1"
"models/weapons/v_m249.mdl","v_m249"
"models/weapons/v_m39.mdl","v_m39"
"models/weapons/v_m39_anims.mdl","v_m39_anims"
"models/weapons/v_m40a1.mdl","v_m40a1"
"models/weapons/v_m45.mdl","v_m45"
"models/weapons/v_m4a1.mdl","v_m4a1"
"models/weapons/v_m590.mdl","v_m590"
"models/weapons/v_m67.mdl","v_m67"
"models/weapons/v_m84.mdl","v_m84"
"models/weapons/v_makarov.mdl","v_makarov"
"models/weapons/v_marinebayonet.mdl","v_marinebayonet"
"models/weapons/v_mini14.mdl","v_mini14"
"models/weapons/v_mk18.mdl","v_mk18"
"models/weapons/v_molotov.mdl","v_molotov"
"models/weapons/v_mosin.mdl","v_mosin"
"models/weapons/v_mp40.mdl","v_mp40"
"models/weapons/v_mp5kpdw.mdl","v_mp5kpdw"
"models/weapons/v_p2a1.mdl","v_p2a1"
"models/weapons/v_p90.mdl","v_p90"
"models/weapons/v_rpg.mdl","v_rpg"
"models/weapons/v_rpk.mdl","v_rpk"
"models/weapons/v_sks.mdl","v_sks"
"models/weapons/v_snub.mdl","v_snub"
"models/weapons/v_snub_anims.mdl","v_snub_anims"
"models/weapons/v_sterling.mdl","v_sterling"
"models/weapons/v_toz.mdl","v_toz"
"models/weapons/v_ump45.mdl","v_ump45"
"models/weapons/w_1911.mdl","w_1911"
"models/weapons/w_38rev.mdl","w_38rev"
"models/weapons/w_ak74.mdl","w_ak74"
"models/weapons/w_akm.mdl","w_akm"
"models/weapons/w_aks74u.mdl","w_aks74u"
"models/weapons/w_anm14.mdl","w_anm14"
"models/weapons/w_at4.mdl","w_at4"
"models/weapons/w_at4_projectile.mdl","w_at4_projectile"
"models/weapons/w_aug.mdl","w_aug"
"models/weapons/w_br99.mdl","w_br99"
"models/weapons/w_c4.mdl","w_c4"
"models/weapons/w_cw_kk_doi_m1.mdl","w_cw_kk_doi_m1"
"models/weapons/w_cw_kk_doi_m1911.mdl","w_cw_kk_doi_m1911"
"models/weapons/w_cw_kk_doi_m1912.mdl","w_cw_kk_doi_m1912"
"models/weapons/w_cw_kk_doi_mp40.mdl","w_cw_kk_doi_mp40"
"models/weapons/w_cw_kk_ins2_c4.mdl","w_cw_kk_ins2_c4"
"models/weapons/w_cw_kk_ins2_cstm_cobra.mdl","w_cw_kk_ins2_cstm_cobra"
"models/weapons/w_cw_kk_ins2_cstm_colt.mdl","w_cw_kk_ins2_cstm_colt"
"models/weapons/w_cw_kk_ins2_cstm_famas.mdl","w_cw_kk_ins2_cstm_famas"
"models/weapons/w_cw_kk_ins2_cstm_g19.mdl","w_cw_kk_ins2_cstm_g19"
"models/weapons/w_cw_kk_ins2_cstm_g36c.mdl","w_cw_kk_ins2_cstm_g36c"
"models/weapons/w_cw_kk_ins2_cstm_kriss.mdl","w_cw_kk_ins2_cstm_kriss"
"models/weapons/w_cw_kk_ins2_cstm_ksg.mdl","w_cw_kk_ins2_cstm_ksg"
"models/weapons/w_cw_kk_ins2_cstm_l85.mdl","w_cw_kk_ins2_cstm_l85"
"models/weapons/w_cw_kk_ins2_cstm_m14.mdl","w_cw_kk_ins2_cstm_m14"
"models/weapons/w_cw_kk_ins2_cstm_m500.mdl","w_cw_kk_ins2_cstm_m500"
"models/weapons/w_cw_kk_ins2_cstm_mp5a4.mdl","w_cw_kk_ins2_cstm_mp5a4"
"models/weapons/w_cw_kk_ins2_cstm_mp7.mdl","w_cw_kk_ins2_cstm_mp7"
"models/weapons/w_cw_kk_ins2_cstm_nade_m39.mdl","w_cw_kk_ins2_cstm_nade_m39"
"models/weapons/w_cw_kk_ins2_cstm_scar.mdl","w_cw_kk_ins2_cstm_scar"
"models/weapons/w_cw_kk_ins2_cstm_scar_tan.mdl","w_cw_kk_ins2_cstm_scar_tan"
"models/weapons/w_cw_kk_ins2_cstm_uzi.mdl","w_cw_kk_ins2_cstm_uzi"
"models/weapons/w_cw_kk_ins2_galil_ace.mdl","w_cw_kk_ins2_galil_ace"
"models/weapons/w_cw_kk_ins2_m14ebr.mdl","w_cw_kk_ins2_m14ebr"
"models/weapons/w_cw_kk_ins2_m14_2.mdl","w_cw_kk_ins2_m14_2"
"models/weapons/w_cw_kk_ins2_m1911.mdl","w_cw_kk_ins2_m1911"
"models/weapons/w_cw_kk_ins2_m1a1.mdl","w_cw_kk_ins2_m1a1"
"models/weapons/w_cw_kk_ins2_m67.mdl","w_cw_kk_ins2_m67"
"models/weapons/w_cw_kk_ins2_mosin_so.mdl","w_cw_kk_ins2_mosin_so"
"models/weapons/w_cw_kk_ins2_mp40.mdl","w_cw_kk_ins2_mp40"
"models/weapons/w_cw_kk_ins2_rdgm.mdl","w_cw_kk_ins2_rdgm"
"models/weapons/w_cw_kk_ins2_rpg7_projectile_pd2.mdl","w_cw_kk_ins2_rpg7_projectile_pd2"
"models/weapons/w_cw_kk_ins2_rpk_tac.mdl","w_cw_kk_ins2_rpk_tac"
"models/weapons/w_det_ins.mdl","w_det_ins"
"models/weapons/w_f1.mdl","w_f1"
"models/weapons/w_fal.mdl","w_fal"
"models/weapons/w_flare_projectile.mdl","w_flare_projectile"
"models/weapons/w_g43.mdl","w_g43"
"models/weapons/w_galil.mdl","w_galil"
"models/weapons/w_galil_sar.mdl","w_galil_sar"
"models/weapons/w_gren_spoon.mdl","w_gren_spoon"
"models/weapons/w_gurkha.mdl","w_gurkha"
"models/weapons/w_ied.mdl","w_ied"
"models/weapons/w_kar98k.mdl","w_kar98k"
"models/weapons/w_l1a1.mdl","w_l1a1"
"models/weapons/w_m14.mdl","w_m14"
"models/weapons/w_m16.mdl","w_m16"
"models/weapons/w_m18.mdl","w_m18"
"models/weapons/w_m1a1.mdl","w_m1a1"
"models/weapons/w_m249.mdl","w_m249"
"models/weapons/w_m39.mdl","w_m39"
"models/weapons/w_m40.mdl","w_m40"
"models/weapons/w_m45.mdl","w_m45"
"models/weapons/w_m4a1.mdl","w_m4a1"
"models/weapons/w_m590.mdl","w_m590"
"models/weapons/w_m67.mdl","w_m67"
"models/weapons/w_m84.mdl","w_m84"
"models/weapons/w_m9.mdl","w_m9"
"models/weapons/w_makarov.mdl","w_makarov"
"models/weapons/w_marinebayonet.mdl","w_marinebayonet"
"models/weapons/w_mini14.mdl","w_mini14"
"models/weapons/w_mk18.mdl","w_mk18"
"models/weapons/w_molotov.mdl","w_molotov"
"models/weapons/w_mosin.mdl","w_mosin"
"models/weapons/w_mp40.mdl","w_mp40"
"models/weapons/w_mp5k.mdl","w_mp5k"
"models/weapons/w_mp7.mdl","w_mp7"
"models/weapons/w_p2a1.mdl","w_p2a1"
"models/weapons/w_p90.mdl","w_p90"
"models/weapons/w_rpg7.mdl","w_rpg7"
"models/weapons/w_rpg7_projectile.mdl","w_rpg7_projectile"
"models/weapons/w_rpk.mdl","w_rpk"
"models/weapons/w_sks.mdl","w_sks"
"models/weapons/w_snub.mdl","w_snub"
"models/weapons/w_splintering_stielhandgranate.mdl","w_splintering_stielhandgranate"
"models/weapons/w_springfield.mdl","w_springfield"
"models/weapons/w_sterling.mdl","w_sterling"
"models/weapons/w_toz.mdl","w_toz"
"models/weapons/w_ump45.mdl","w_ump45"
"models/weapons/aa12/v_aa12.mdl","v_aa12"
"models/weapons/aa12/w_aa12.mdl","w_aa12"
"models/weapons/aek971/v_aek971.mdl","v_aek971"
"models/weapons/aek971/w_aek971.mdl","w_aek971"
"models/weapons/aof/v_flashgun.mdl","v_flashgun"
"models/weapons/aof/v_flashgun_anims.mdl","v_flashgun_anims"
"models/weapons/aof/v_m79.mdl","v_m79"
"models/weapons/aof/w_flashgun.mdl","w_flashgun"
"models/weapons/aof/w_m79.mdl","w_m79"
"models/weapons/attachments/a_doimag_m1c_15.mdl","a_doimag_m1c_15"
"models/weapons/attachments/a_doimag_m1c_30.mdl","a_doimag_m1c_30"
"models/weapons/attachments/v_cw_kk_ins2_cstm_acog.mdl","v_cw_kk_ins2_cstm_acog"
"models/weapons/attachments/v_cw_kk_ins2_cstm_acog_l.mdl","v_cw_kk_ins2_cstm_acog_l"
"models/weapons/attachments/v_cw_kk_ins2_cstm_acog_m.mdl","v_cw_kk_ins2_cstm_acog_m"
"models/weapons/attachments/v_cw_kk_ins2_cstm_anpeq_band.mdl","v_cw_kk_ins2_cstm_anpeq_band"
"models/weapons/attachments/v_cw_kk_ins2_cstm_anpeq_band_l.mdl","v_cw_kk_ins2_cstm_anpeq_band_l"
"models/weapons/attachments/v_cw_kk_ins2_cstm_anpeq_rail.mdl","v_cw_kk_ins2_cstm_anpeq_rail"
"models/weapons/attachments/v_cw_kk_ins2_cstm_anpeq_ring.mdl","v_cw_kk_ins2_cstm_anpeq_ring"
"models/weapons/attachments/v_cw_kk_ins2_cstm_anpeq_shotgun.mdl","v_cw_kk_ins2_cstm_anpeq_shotgun"
"models/weapons/attachments/v_cw_kk_ins2_cstm_barska.mdl","v_cw_kk_ins2_cstm_barska"
"models/weapons/attachments/v_cw_kk_ins2_cstm_barska_l.mdl","v_cw_kk_ins2_cstm_barska_l"
"models/weapons/attachments/v_cw_kk_ins2_cstm_barska_m.mdl","v_cw_kk_ins2_cstm_barska_m"
"models/weapons/attachments/v_cw_kk_ins2_cstm_barska_xl.mdl","v_cw_kk_ins2_cstm_barska_xl"
"models/weapons/attachments/v_cw_kk_ins2_cstm_cmore.mdl","v_cw_kk_ins2_cstm_cmore"
"models/weapons/attachments/v_cw_kk_ins2_cstm_cmore_l.mdl","v_cw_kk_ins2_cstm_cmore_l"
"models/weapons/attachments/v_cw_kk_ins2_cstm_cmore_m.mdl","v_cw_kk_ins2_cstm_cmore_m"
"models/weapons/attachments/v_cw_kk_ins2_cstm_compm4s.mdl","v_cw_kk_ins2_cstm_compm4s"
"models/weapons/attachments/v_cw_kk_ins2_cstm_compm4s_2x.mdl","v_cw_kk_ins2_cstm_compm4s_2x"
"models/weapons/attachments/v_cw_kk_ins2_cstm_compm4s_l.mdl","v_cw_kk_ins2_cstm_compm4s_l"
"models/weapons/attachments/v_cw_kk_ins2_cstm_compm4s_l_2x.mdl","v_cw_kk_ins2_cstm_compm4s_l_2x"
"models/weapons/attachments/v_cw_kk_ins2_cstm_compm4s_m.mdl","v_cw_kk_ins2_cstm_compm4s_m"
"models/weapons/attachments/v_cw_kk_ins2_cstm_compm4s_m_2x.mdl","v_cw_kk_ins2_cstm_compm4s_m_2x"
"models/weapons/attachments/v_cw_kk_ins2_cstm_eotechxps.mdl","v_cw_kk_ins2_cstm_eotechxps"
"models/weapons/attachments/v_cw_kk_ins2_cstm_eotechxps_2x.mdl","v_cw_kk_ins2_cstm_eotechxps_2x"
"models/weapons/attachments/v_cw_kk_ins2_cstm_eotechxps_l.mdl","v_cw_kk_ins2_cstm_eotechxps_l"
"models/weapons/attachments/v_cw_kk_ins2_cstm_eotechxps_l_2x.mdl","v_cw_kk_ins2_cstm_eotechxps_l_2x"
"models/weapons/attachments/v_cw_kk_ins2_cstm_eotechxps_m.mdl","v_cw_kk_ins2_cstm_eotechxps_m"
"models/weapons/attachments/v_cw_kk_ins2_cstm_eotechxps_m_2x.mdl","v_cw_kk_ins2_cstm_eotechxps_m_2x"
"models/weapons/attachments/v_cw_kk_ins2_cstm_eotechxps_xl.mdl","v_cw_kk_ins2_cstm_eotechxps_xl"
"models/weapons/attachments/v_cw_kk_ins2_cstm_m6x.mdl","v_cw_kk_ins2_cstm_m6x"
"models/weapons/attachments/v_cw_kk_ins2_cstm_microt1.mdl","v_cw_kk_ins2_cstm_microt1"
"models/weapons/attachments/v_cw_kk_ins2_cstm_microt1_l.mdl","v_cw_kk_ins2_cstm_microt1_l"
"models/weapons/attachments/v_cw_kk_ins2_cstm_microt1_m.mdl","v_cw_kk_ins2_cstm_microt1_m"
"models/weapons/attachments/v_cw_kk_ins2_cstm_pgo7.mdl","v_cw_kk_ins2_cstm_pgo7"
"models/weapons/attachments/v_cw_kk_ins2_flipsight.mdl","v_cw_kk_ins2_flipsight"
"models/weapons/attachments/v_cw_kk_ins2_stencil.mdl","v_cw_kk_ins2_stencil"
"models/weapons/attachments/v_iron_enfield_up.mdl","v_iron_enfield_up"
"models/weapons/attachments/w_cw_kk_ins2_cstm_acog.mdl","w_cw_kk_ins2_cstm_acog"
"models/weapons/attachments/w_cw_kk_ins2_cstm_cmore.mdl","w_cw_kk_ins2_cstm_cmore"
"models/weapons/attachments/w_cw_kk_ins2_cstm_eotechxps.mdl","w_cw_kk_ins2_cstm_eotechxps"
"models/weapons/attachments/w_cw_kk_ins2_cstm_eotechxps_2x.mdl","w_cw_kk_ins2_cstm_eotechxps_2x"
"models/weapons/attachments/w_cw_kk_ins2_flipsight.mdl","w_cw_kk_ins2_flipsight"
"models/weapons/aug/a_augextmag.mdl","a_augextmag"
"models/weapons/aug/a_augmag.mdl","a_augmag"
"models/weapons/aug/a_aug_heavybarrel.mdl","a_aug_heavybarrel"
"models/weapons/aug/a_aug_rail.mdl","a_aug_rail"
"models/weapons/aug/a_aug_standard.mdl","a_aug_standard"
"models/weapons/aug/a_aug_standardbarrel.mdl","a_aug_standardbarrel"
"models/weapons/aug/v_aug.mdl","v_aug"
"models/weapons/aug/w_aug.mdl","w_aug"
"models/weapons/aug/w_augrail.mdl","w_augrail"
"models/weapons/aug/w_augscope.mdl","w_augscope"
"models/weapons/awm/v_awm.mdl","v_awm"
"models/weapons/awm/v_awm_g.mdl","v_awm_g"
"models/weapons/awm/w_awm.mdl","w_awm"
"models/weapons/awm/w_awm_g.mdl","w_awm_g"
"models/weapons/ax308/v_ax308.mdl","v_ax308"
"models/weapons/ax308/v_ax308_oc.mdl","v_ax308_oc"
"models/weapons/ax308/w_ax308.mdl","w_ax308"
"models/weapons/ax308/w_ax308_oc.mdl","w_ax308_oc"
"models/weapons/browninghp/v_browninghp.mdl","v_browninghp"
"models/weapons/browninghp/w_browninghp.mdl","w_browninghp"
"models/weapons/browninghp/upgrades/a_flashlight_m9.mdl","a_flashlight_m9"
"models/weapons/browninghp/upgrades/a_laser_m9.mdl","a_laser_m9"
"models/weapons/carkeys/c_key.mdl","c_key"
"models/weapons/carkeys/w_key.mdl","w_key"
"models/weapons/cdxmc/v_cdxmc.mdl","v_cdxmc"
"models/weapons/cdxmc/v_cdxmc_syndicate.mdl","v_cdxmc_syndicate"
"models/weapons/cdxmc/w_cdxmc.mdl","w_cdxmc"
"models/weapons/cdxmc/w_cdxmc_syndicate.mdl","w_cdxmc_syndicate"
"models/weapons/cs5/v_cs5.mdl","v_cs5"
"models/weapons/cs5/v_cs5_g.mdl","v_cs5_g"
"models/weapons/cs5/v_cs5_v.mdl","v_cs5_v"
"models/weapons/cs5/w_cs5.mdl","w_cs5"
"models/weapons/cs5/w_cs5_g.mdl","w_cs5_g"
"models/weapons/cs5/w_cs5_v.mdl","w_cs5_v"
"models/weapons/customupgrades/a_bipod_galil.mdl","a_bipod_galil"
"models/weapons/customupgrades/a_magazine_galil_35.mdl","a_magazine_galil_35"
"models/weapons/customupgrades/a_magazine_galil_75.mdl","a_magazine_galil_75"
"models/weapons/customupgrades/a_mount_galil.mdl","a_mount_galil"
"models/weapons/customupgrades/a_sightup_typhoon12.mdl","a_sightup_typhoon12"
"models/weapons/customupgrades/a_standard_awm.mdl","a_standard_awm"
"models/weapons/customupgrades/a_standard_ax308.mdl","a_standard_ax308"
"models/weapons/customupgrades/a_standard_cdxmc.mdl","a_standard_cdxmc"
"models/weapons/customupgrades/a_standard_cs5.mdl","a_standard_cs5"
"models/weapons/customupgrades/a_standard_dsr1.mdl","a_standard_dsr1"
"models/weapons/customupgrades/a_standard_galil.mdl","a_standard_galil"
"models/weapons/customupgrades/a_standard_m98b.mdl","a_standard_m98b"
"models/weapons/customupgrades/a_standard_saiga_spike.mdl","a_standard_saiga_spike"
"models/weapons/customupgrades/a_standard_t5000.mdl","a_standard_t5000"
"models/weapons/customupgrades/w_bipod_galil.mdl","w_bipod_galil"
"models/weapons/customupgrades/w_magazine_galil_35.mdl","w_magazine_galil_35"
"models/weapons/customupgrades/w_magazine_galil_75.mdl","w_magazine_galil_75"
"models/weapons/customupgrades/w_mount_galil.mdl","w_mount_galil"
"models/weapons/customupgrades/w_sightup_typhoon12.mdl","w_sightup_typhoon12"
"models/weapons/customupgrades/w_standard_awm.mdl","w_standard_awm"
"models/weapons/customupgrades/w_standard_ax308.mdl","w_standard_ax308"
"models/weapons/customupgrades/w_standard_cdxmc.mdl","w_standard_cdxmc"
"models/weapons/customupgrades/w_standard_cs5.mdl","w_standard_cs5"
"models/weapons/customupgrades/w_standard_dsr1.mdl","w_standard_dsr1"
"models/weapons/customupgrades/w_standard_m98b.mdl","w_standard_m98b"
"models/weapons/customupgrades/w_standard_saiga_spike.mdl","w_standard_saiga_spike"
"models/weapons/customupgrades/w_standard_t5000.mdl","w_standard_t5000"
"models/weapons/cw_cultist/acr/v_acr.mdl","v_acr"
"models/weapons/cw_cultist/acr/w_acr.mdl","w_acr"
"models/weapons/cw_cultist/acr/upgrades/a_standard_mk18.mdl","a_standard_mk18"
"models/weapons/cw_cultist/acr/upgrades/w_flipup2.mdl","w_flipup2"
"models/weapons/cw_cultist/ak117/v_ak117.mdl","v_ak117"
"models/weapons/cw_cultist/ak117/w_ak117.mdl","w_ak117"
"models/weapons/cw_cultist/ak117/upgrades/a_woodgrips_ak74.mdl","a_woodgrips_ak74"
"models/weapons/cw_cultist/ak117/upgrades/w_foregrip_wood_2.mdl","w_foregrip_wood_2"
"models/weapons/cw_cultist/ak12/v_ak12.mdl","v_ak12"
"models/weapons/cw_cultist/ak12/w_ak12.mdl","w_ak12"
"models/weapons/cw_cultist/ak12/upgrades/a_woodgrips_ak74.mdl","a_woodgrips_ak74"
"models/weapons/cw_cultist/ak12/upgrades/w_foregrip_wood_2.mdl","w_foregrip_wood_2"
"models/weapons/cw_cultist/aks74_modern/v_aks74_modern.mdl","v_aks74_modern"
"models/weapons/cw_cultist/aks74_modern/w_aks74_modern.mdl","w_aks74_modern"
"models/weapons/cw_cultist/aks74_modern/upgrades/a_woodgrips_aks74u.mdl","a_woodgrips_aks74u"
"models/weapons/cw_cultist/aks74_modern/upgrades/w_foregrip_aks74u.mdl","w_foregrip_aks74u"
"models/weapons/cw_cultist/arx/v_arx.mdl","v_arx"
"models/weapons/cw_cultist/arx/w_arx.mdl","w_arx"
"models/weapons/cw_cultist/arx/upgrades/a_standard2_mk18.mdl","a_standard2_mk18"
"models/weapons/cw_cultist/arx/upgrades/a_standard3_mk18.mdl","a_standard3_mk18"
"models/weapons/cw_cultist/arx/upgrades/a_standard_mk18.mdl","a_standard_mk18"
"models/weapons/cw_cultist/arx/upgrades/w_flipup2.mdl","w_flipup2"
"models/weapons/cw_cultist/asval/v_asval.mdl","v_asval"
"models/weapons/cw_cultist/asval/w_asval.mdl","w_asval"
"models/weapons/cw_cultist/barrett/v_barrett.mdl","v_barrett"
"models/weapons/cw_cultist/barrett/w_barrett.mdl","w_barrett"
"models/weapons/cw_cultist/blackout/v_blackout.mdl","v_blackout"
"models/weapons/cw_cultist/blackout/w_blackout.mdl","w_blackout"
"models/weapons/cw_cultist/blackout/upgrades/a_carryhandle_m4.mdl","a_carryhandle_m4"
"models/weapons/cw_cultist/blackout/upgrades/w_flipup3.mdl","w_flipup3"
"models/weapons/cw_cultist/d4/v_d4.mdl","v_d4"
"models/weapons/cw_cultist/d4/w_d4.mdl","w_d4"
"models/weapons/cw_cultist/d4/upgrades/a_carryhandle_m4.mdl","a_carryhandle_m4"
"models/weapons/cw_cultist/d4/upgrades/a_standard2_m16a4.mdl","a_standard2_m16a4"
"models/weapons/cw_cultist/d4/upgrades/a_standard_m4a1.mdl","a_standard_m4a1"
"models/weapons/cw_cultist/d4/upgrades/w_flipup3.mdl","w_flipup3"
"models/weapons/cw_cultist/deagle/v_deagle.mdl","v_deagle"
"models/weapons/cw_cultist/deagle/w_deagle.mdl","w_deagle"
"models/weapons/cw_cultist/deagle/upgrades/a_magazine_m45_15.mdl","a_magazine_m45_15"
"models/weapons/cw_cultist/deagle/upgrades/a_magazine_m45_8.mdl","a_magazine_m45_8"
"models/weapons/cw_cultist/dmr25/v_dmr25.mdl","v_dmr25"
"models/weapons/cw_cultist/dmr25/w_dmr25.mdl","w_dmr25"
"models/weapons/cw_cultist/dragunov/v_dragunov.mdl","v_dragunov"
"models/weapons/cw_cultist/dragunov/w_dragunov.mdl","w_dragunov"
"models/weapons/cw_cultist/dragunov/upgrades/a_magazine_m1a1_15.mdl","a_magazine_m1a1_15"
"models/weapons/cw_cultist/dragunov/upgrades/a_magazine_m1a1_30.mdl","a_magazine_m1a1_30"
"models/weapons/cw_cultist/dragunov/upgrades/a_modkit_m1a1.mdl","a_modkit_m1a1"
"models/weapons/cw_cultist/dragunov/upgrades/a_standard_m1a1.mdl","a_standard_m1a1"
"models/weapons/cw_cultist/dragunov/upgrades/w_magazine_m1a1_15.mdl","w_magazine_m1a1_15"
"models/weapons/cw_cultist/dragunov/upgrades/w_magazine_m1a1_30.mdl","w_magazine_m1a1_30"
"models/weapons/cw_cultist/dragunov/upgrades/w_modkit_m1a1.mdl","w_modkit_m1a1"
"models/weapons/cw_cultist/dragunov/upgrades/w_standard_m1a1.mdl","w_standard_m1a1"
"models/weapons/cw_cultist/dvl10/v_dvl10.mdl","v_dvl10"
"models/weapons/cw_cultist/dvl10/w_dvl10.mdl","w_dvl10"
"models/weapons/cw_cultist/fate/v_fate.mdl","v_fate"
"models/weapons/cw_cultist/fate/w_fate.mdl","w_fate"
"models/weapons/cw_cultist/fate/upgrades/a_bipod_fal.mdl","a_bipod_fal"
"models/weapons/cw_cultist/fate/upgrades/a_modkit_fal.mdl","a_modkit_fal"
"models/weapons/cw_cultist/fate/upgrades/a_standard_fal.mdl","a_standard_fal"
"models/weapons/cw_cultist/freedom/v_freedom.mdl","v_freedom"
"models/weapons/cw_cultist/freedom/w_freedom.mdl","w_freedom"
"models/weapons/cw_cultist/freedom/upgrades/a_standard2_mk18.mdl","a_standard2_mk18"
"models/weapons/cw_cultist/freedom/upgrades/a_standard3_mk18.mdl","a_standard3_mk18"
"models/weapons/cw_cultist/freedom/upgrades/a_standard_mk18.mdl","a_standard_mk18"
"models/weapons/cw_cultist/golmagnum/v_golmagnum.mdl","v_golmagnum"
"models/weapons/cw_cultist/golmagnum/w_golmagnum.mdl","w_golmagnum"
"models/weapons/cw_cultist/golmagnum/upgrades/a_standard_m40.mdl","a_standard_m40"
"models/weapons/cw_cultist/groza/v_groza.mdl","v_groza"
"models/weapons/cw_cultist/groza/w_groza.mdl","w_groza"
"models/weapons/cw_cultist/groza/upgrades/a_modkit_07.mdl","a_modkit_07"
"models/weapons/cw_cultist/groza/upgrades/a_standard_aks74u.mdl","a_standard_aks74u"
"models/weapons/cw_cultist/groza/upgrades/a_suppressor_aks.mdl","a_suppressor_aks"
"models/weapons/cw_cultist/groza/upgrades/a_woodgrips_aks74u.mdl","a_woodgrips_aks74u"
"models/weapons/cw_cultist/groza/upgrades/w_foregrip_aks74u.mdl","w_foregrip_aks74u"
"models/weapons/cw_cultist/groza/upgrades/w_modkit_7.mdl","w_modkit_7"
"models/weapons/cw_cultist/groza/upgrades/w_standard_aks74u.mdl","w_standard_aks74u"
"models/weapons/cw_cultist/hid/v_hid.mdl","v_hid"
"models/weapons/cw_cultist/hid/w_hid.mdl","w_hid"
"models/weapons/cw_cultist/hk416c/v_hk416c.mdl","v_hk416c"
"models/weapons/cw_cultist/hk416c/w_hk416c.mdl","w_hk416c"
"models/weapons/cw_cultist/hk416c/upgrades/a_standard_mk18.mdl","a_standard_mk18"
"models/weapons/cw_cultist/hk416c/upgrades/w_flipup2.mdl","w_flipup2"
"models/weapons/cw_cultist/imbel/v_imbel.mdl","v_imbel"
"models/weapons/cw_cultist/imbel/w_imbel.mdl","w_imbel"
"models/weapons/cw_cultist/imbel/upgrades/a_standard2_mk18.mdl","a_standard2_mk18"
"models/weapons/cw_cultist/imbel/upgrades/a_standard3_mk18.mdl","a_standard3_mk18"
"models/weapons/cw_cultist/imbel/upgrades/a_standard_mk18.mdl","a_standard_mk18"
"models/weapons/cw_cultist/imbel/upgrades/w_flipup2.mdl","w_flipup2"
"models/weapons/cw_cultist/ithaca37/v_ithaca37.mdl","v_ithaca37"
"models/weapons/cw_cultist/ithaca37/w_ithaca37.mdl","w_ithaca37"
"models/weapons/cw_cultist/jrd90/v_jrd90.mdl","v_jrd90"
"models/weapons/cw_cultist/jrd90/w_jrd90.mdl","w_jrd90"
"models/weapons/cw_cultist/jrd90/upgrades/a_standard_m40.mdl","a_standard_m40"
"models/weapons/cw_cultist/karma/v_karma.mdl","v_karma"
"models/weapons/cw_cultist/karma/w_karma.mdl","w_karma"
"models/weapons/cw_cultist/keltec/v_keltec.mdl","v_keltec"
"models/weapons/cw_cultist/keltec/w_keltec.mdl","w_keltec"
"models/weapons/cw_cultist/keltec/upgrades/a_magazine_keltec_20.mdl","a_magazine_keltec_20"
"models/weapons/cw_cultist/m200/v_m200.mdl","v_m200"
"models/weapons/cw_cultist/m200/w_m200.mdl","w_m200"
"models/weapons/cw_cultist/m200/upgrades/a_bipod_m40.mdl","a_bipod_m40"
"models/weapons/cw_cultist/m200/upgrades/a_optic_m40.mdl","a_optic_m40"
"models/weapons/cw_cultist/m200/upgrades/a_standard_m40.mdl","a_standard_m40"
"models/weapons/cw_cultist/m200/upgrades/w_bipod_m40.mdl","w_bipod_m40"
"models/weapons/cw_cultist/m200/upgrades/w_scope_m40.mdl","w_scope_m40"
"models/weapons/cw_cultist/m23/v_m23.mdl","v_m23"
"models/weapons/cw_cultist/m23/w_m23.mdl","w_m23"
"models/weapons/cw_cultist/m4a1_tech/v_m4a1_tech.mdl","v_m4a1_tech"
"models/weapons/cw_cultist/m4a1_tech/upgrades/a_carryhandle_m4.mdl","a_carryhandle_m4"
"models/weapons/cw_cultist/m60/v_m60.mdl","v_m60"
"models/weapons/cw_cultist/m60/w_m60.mdl","w_m60"
"models/weapons/cw_cultist/m72/v_m72.mdl","v_m72"
"models/weapons/cw_cultist/m72/w_m72.mdl","w_m72"
"models/weapons/cw_cultist/m72/w_m72_projectile.mdl","w_m72_projectile"
"models/weapons/cw_cultist/mg36/v_mg36.mdl","v_mg36"
"models/weapons/cw_cultist/mg36/w_mg36.mdl","w_mg36"
"models/weapons/cw_cultist/minimi/v_minimi.mdl","v_minimi"
"models/weapons/cw_cultist/minimi/w_minimi.mdl","w_minimi"
"models/weapons/cw_cultist/mk14/v_mk14.mdl","v_mk14"
"models/weapons/cw_cultist/mk14/w_mk14.mdl","w_mk14"
"models/weapons/cw_cultist/msr/v_msr.mdl","v_msr"
"models/weapons/cw_cultist/msr/w_msr.mdl","w_msr"
"models/weapons/cw_cultist/msr/upgrades/a_bipod_m40.mdl","a_bipod_m40"
"models/weapons/cw_cultist/msr/upgrades/a_optic_m40.mdl","a_optic_m40"
"models/weapons/cw_cultist/msr/upgrades/w_bipod_m40.mdl","w_bipod_m40"
"models/weapons/cw_cultist/msr/upgrades/w_scope_m40.mdl","w_scope_m40"
"models/weapons/cw_cultist/nv4/v_nv4.mdl","v_nv4"
"models/weapons/cw_cultist/nv4/w_nv4.mdl","w_nv4"
"models/weapons/cw_cultist/nv4/upgrades/a_carryhandle_m4.mdl","a_carryhandle_m4"
"models/weapons/cw_cultist/nv4/upgrades/w_flipup3.mdl","w_flipup3"
"models/weapons/cw_cultist/pecheneg/v_pecheneg.mdl","v_pecheneg"
"models/weapons/cw_cultist/pecheneg/w_pecheneg.mdl","w_pecheneg"
"models/weapons/cw_cultist/qbz/v_qbz.mdl","v_qbz"
"models/weapons/cw_cultist/qbz/w_qbz.mdl","w_qbz"
"models/weapons/cw_cultist/qbz/upgrades/a_standard2_mk18.mdl","a_standard2_mk18"
"models/weapons/cw_cultist/qbz/upgrades/a_standard3_mk18.mdl","a_standard3_mk18"
"models/weapons/cw_cultist/r3k/v_r3k.mdl","v_r3k"
"models/weapons/cw_cultist/r3k/w_r3k.mdl","w_r3k"
"models/weapons/cw_cultist/rpk74/v_rpk74.mdl","v_rpk74"
"models/weapons/cw_cultist/rpk74/w_rpk74.mdl","w_rpk74"
"models/weapons/cw_cultist/saiga/v_saiga.mdl","v_saiga"
"models/weapons/cw_cultist/saiga/w_saiga.mdl","w_saiga"
"models/weapons/cw_cultist/sq300/v_sq300.mdl","v_sq300"
"models/weapons/cw_cultist/sq300/w_sq300.mdl","w_sq300"
"models/weapons/cw_cultist/sq300/upgrades/a_standard2_mk18.mdl","a_standard2_mk18"
"models/weapons/cw_cultist/sq300/upgrades/a_standard3_mk18.mdl","a_standard3_mk18"
"models/weapons/cw_cultist/sq300/upgrades/a_standard_mk18.mdl","a_standard_mk18"
"models/weapons/cw_cultist/sq300/upgrades/a_suppressor_sec2.mdl","a_suppressor_sec2"
"models/weapons/cw_cultist/sr25/v_sr25.mdl","v_sr25"
"models/weapons/cw_cultist/sr25/w_sr25.mdl","w_sr25"
"models/weapons/cw_cultist/sr25/upgrades/a_foregrip_sec2.mdl","a_foregrip_sec2"
"models/weapons/cw_cultist/svd/v_svd.mdl","v_svd"
"models/weapons/cw_cultist/svd/w_svd.mdl","w_svd"
"models/weapons/cw_cultist/svd/upgrades/a_modkit_04.mdl","a_modkit_04"
"models/weapons/cw_cultist/uar556/v_uar556.mdl","v_uar556"
"models/weapons/cw_cultist/uar556/w_uar556.mdl","w_uar556"
"models/weapons/cw_cultist/uar556/upgrades/a_carryhandle_m4.mdl","a_carryhandle_m4"
"models/weapons/cw_cultist/uar556/upgrades/a_standard2_m16a4.mdl","a_standard2_m16a4"
"models/weapons/cw_cultist/uar556/upgrades/a_standard_m4a1.mdl","a_standard_m4a1"
"models/weapons/cw_cultist/uar556/upgrades/w_flipup3.mdl","w_flipup3"
"models/weapons/cw_cultist/usr/v_usr.mdl","v_usr"
"models/weapons/cw_cultist/usr/w_usr.mdl","w_usr"
"models/weapons/cw_cultist/usr/upgrades/a_standard_m40.mdl","a_standard_m40"
"models/weapons/cw_cultist/volk/v_volk.mdl","v_volk"
"models/weapons/cw_cultist/volk/w_volk.mdl","w_volk"
"models/weapons/cw_cultist/volk/upgrades/a_woodgrips_akm.mdl","a_woodgrips_akm"
"models/weapons/cw_cultist/vss/v_vss.mdl","v_vss"
"models/weapons/cw_cultist/vss/w_vss.mdl","w_vss"
"models/weapons/cw_kk_doi/v_g43.mdl","v_g43"
"models/weapons/cw_kk_doi/v_kar98k_oldgl.mdl","v_kar98k_oldgl"
"models/weapons/cw_kk_doi/v_mp40.mdl","v_mp40"
"models/weapons/cw_kk_doi/v_splintering_stielhandgranate.mdl","v_splintering_stielhandgranate"
"models/weapons/cw_kk_doi/v_springfield.mdl","v_springfield"
"models/weapons/cw_kk_doi_c054/v_brassknuckles.mdl","v_brassknuckles"
"models/weapons/cw_kk_doi_c054/v_c96_carbine.mdl","v_c96_carbine"
"models/weapons/cw_kk_doi_c054/v_fairbairn.mdl","v_fairbairn"
"models/weapons/cw_kk_doi_c054/v_gravityknife.mdl","v_gravityknife"
"models/weapons/cw_kk_doi_c054/v_hatchet.mdl","v_hatchet"
"models/weapons/cw_kk_doi_c054/v_owen_mk2.mdl","v_owen_mk2"
"models/weapons/cw_kk_doi_c054/v_stiletto.mdl","v_stiletto"
"models/weapons/dsr1/v_dsr1.mdl","v_dsr1"
"models/weapons/dsr1/v_dsr1_snow.mdl","v_dsr1_snow"
"models/weapons/dsr1/w_dsr1.mdl","w_dsr1"
"models/weapons/dsr1/w_dsr1_snow.mdl","w_dsr1_snow"
"models/weapons/edge/v_edge.mdl","v_edge"
"models/weapons/edge/v_edge_ss.mdl","v_edge_ss"
"models/weapons/edge/w_edge.mdl","w_edge"
"models/weapons/edge/w_edge_ss.mdl","w_edge_ss"
"models/weapons/edge/upgrades/a_magazine_fal_20.mdl","a_magazine_fal_20"
"models/weapons/edge/upgrades/a_magazine_fal_l1a1_30.mdl","a_magazine_fal_l1a1_30"
"models/weapons/edge/upgrades/a_magazine_l1a1_20.mdl","a_magazine_l1a1_20"
"models/weapons/edge/upgrades/a_modkit_fal.mdl","a_modkit_fal"
"models/weapons/edge/upgrades/a_modkit_l1a1.mdl","a_modkit_l1a1"
"models/weapons/edge/upgrades/a_standard_fal.mdl","a_standard_fal"
"models/weapons/edge/upgrades/a_standard_l1a1.mdl","a_standard_l1a1"
"models/weapons/ethereal/item_ak74.mdl","item_ak74"
"models/weapons/ethereal/item_ak742.mdl","item_ak742"
"models/weapons/ethereal/item_akm.mdl","item_akm"
"models/weapons/ethereal/item_aks74u.mdl","item_aks74u"
"models/weapons/ethereal/item_groza1.mdl","item_groza1"
"models/weapons/ethereal/v_38rev.mdl","v_38rev"
"models/weapons/ethereal/v_abakan.mdl","v_abakan"
"models/weapons/ethereal/v_acr.mdl","v_acr"
"models/weapons/ethereal/v_ak12.mdl","v_ak12"
"models/weapons/ethereal/v_ak12u.mdl","v_ak12u"
"models/weapons/ethereal/v_ak5d.mdl","v_ak5d"
"models/weapons/ethereal/v_ak74.mdl","v_ak74"
"models/weapons/ethereal/v_ak742.mdl","v_ak742"
"models/weapons/ethereal/v_ak742_anim.mdl","v_ak742_anim"
"models/weapons/ethereal/v_ak74z.mdl","v_ak74z"
"models/weapons/ethereal/v_ak74z_anims.mdl","v_ak74z_anims"
"models/weapons/ethereal/v_akm.mdl","v_akm"
"models/weapons/ethereal/v_akmconc.mdl","v_akmconc"
"models/weapons/ethereal/v_akmconc_anims.mdl","v_akmconc_anims"
"models/weapons/ethereal/v_aks74u.mdl","v_aks74u"
"models/weapons/ethereal/v_aks74uz.mdl","v_aks74uz"
"models/weapons/ethereal/v_aks74uz_anims.mdl","v_aks74uz_anims"
"models/weapons/ethereal/v_alfa.mdl","v_alfa"
"models/weapons/ethereal/v_anm14.mdl","v_anm14"
"models/weapons/ethereal/v_asval.mdl","v_asval"
"models/weapons/ethereal/v_aug.mdl","v_aug"
"models/weapons/ethereal/v_beretta.mdl","v_beretta"
"models/weapons/ethereal/v_br99.mdl","v_br99"
"models/weapons/ethereal/v_chaser13.mdl","v_chaser13"
"models/weapons/ethereal/v_cz75.mdl","v_cz75"
"models/weapons/ethereal/v_cz805.mdl","v_cz805"
"models/weapons/ethereal/v_deagle.mdl","v_deagle"
"models/weapons/ethereal/v_doublebarrel.mdl","v_doublebarrel"
"models/weapons/ethereal/v_f1.mdl","v_f1"
"models/weapons/ethereal/v_fal.mdl","v_fal"
"models/weapons/ethereal/v_famasf1.mdl","v_famasf1"
"models/weapons/ethereal/v_fiveseven.mdl","v_fiveseven"
"models/weapons/ethereal/v_fnf2000.mdl","v_fnf2000"
"models/weapons/ethereal/v_fnp.mdl","v_fnp"
"models/weapons/ethereal/v_fort500.mdl","v_fort500"
"models/weapons/ethereal/v_f_ak103.mdl","v_f_ak103"
"models/weapons/ethereal/v_f_ak105.mdl","v_f_ak105"
"models/weapons/ethereal/v_f_rpk74m.mdl","v_f_rpk74m"
"models/weapons/ethereal/v_g3a3.mdl","v_g3a3"
"models/weapons/ethereal/v_galil.mdl","v_galil"
"models/weapons/ethereal/v_galil_sar.mdl","v_galil_sar"
"models/weapons/ethereal/v_glock.mdl","v_glock"
"models/weapons/ethereal/v_grach.mdl","v_grach"
"models/weapons/ethereal/v_groza1.mdl","v_groza1"
"models/weapons/ethereal/v_hands_ins_h.mdl","v_hands_ins_h"
"models/weapons/ethereal/v_hands_ins_l.mdl","v_hands_ins_l"
"models/weapons/ethereal/v_hands_ins_m.mdl","v_hands_ins_m"
"models/weapons/ethereal/v_hands_sec_h.mdl","v_hands_sec_h"
"models/weapons/ethereal/v_hands_sec_l.mdl","v_hands_sec_l"
"models/weapons/ethereal/v_hands_sec_m.mdl","v_hands_sec_m"
"models/weapons/ethereal/v_hands_vip.mdl","v_hands_vip"
"models/weapons/ethereal/v_hk416.mdl","v_hk416"
"models/weapons/ethereal/v_hk416_anims.mdl","v_hk416_anims"
"models/weapons/ethereal/v_ithaca37.mdl","v_ithaca37"
"models/weapons/ethereal/v_ithaca37_anims.mdl","v_ithaca37_anims"
"models/weapons/ethereal/v_k2.mdl","v_k2"
"models/weapons/ethereal/v_ks23.mdl","v_ks23"
"models/weapons/ethereal/v_ks23_anims.mdl","v_ks23_anims"
"models/weapons/ethereal/v_l1a1.mdl","v_l1a1"
"models/weapons/ethereal/v_l85a2.mdl","v_l85a2"
"models/weapons/ethereal/v_lr300.mdl","v_lr300"
"models/weapons/ethereal/v_lr300_anim.mdl","v_lr300_anim"
"models/weapons/ethereal/v_m10.mdl","v_m10"
"models/weapons/ethereal/v_m10_anims.mdl","v_m10_anims"
"models/weapons/ethereal/v_m14.mdl","v_m14"
"models/weapons/ethereal/v_m14_wood.mdl","v_m14_wood"
"models/weapons/ethereal/v_m16a3.mdl","v_m16a3"
"models/weapons/ethereal/v_m18.mdl","v_m18"
"models/weapons/ethereal/v_m1911.mdl","v_m1911"
"models/weapons/ethereal/v_m1a1.mdl","v_m1a1"
"models/weapons/ethereal/v_m249.mdl","v_m249"
"models/weapons/ethereal/v_m40a1.mdl","v_m40a1"
"models/weapons/ethereal/v_m45.mdl","v_m45"
"models/weapons/ethereal/v_m4a1.mdl","v_m4a1"
"models/weapons/ethereal/v_m4spec.mdl","v_m4spec"
"models/weapons/ethereal/v_m590.mdl","v_m590"
"models/weapons/ethereal/v_m67.mdl","v_m67"
"models/weapons/ethereal/v_m84.mdl","v_m84"
"models/weapons/ethereal/v_mac10.mdl","v_mac10"
"models/weapons/ethereal/v_makarov.mdl","v_makarov"
"models/weapons/ethereal/v_marinebayonet.mdl","v_marinebayonet"
"models/weapons/ethereal/v_mg36.mdl","v_mg36"
"models/weapons/ethereal/v_mini14.mdl","v_mini14"
"models/weapons/ethereal/v_mk18.mdl","v_mk18"
"models/weapons/ethereal/v_molotov.mdl","v_molotov"
"models/weapons/ethereal/v_mosin.mdl","v_mosin"
"models/weapons/ethereal/v_mp40.mdl","v_mp40"
"models/weapons/ethereal/v_mp5a4.mdl","v_mp5a4"
"models/weapons/ethereal/v_mp5kpdw.mdl","v_mp5kpdw"
"models/weapons/ethereal/v_mp7.mdl","v_mp7"
"models/weapons/ethereal/v_mr96.mdl","v_mr96"
"models/weapons/ethereal/v_mr96_anims.mdl","v_mr96_anims"
"models/weapons/ethereal/v_p226.mdl","v_p226"
"models/weapons/ethereal/v_p2a1.mdl","v_p2a1"
"models/weapons/ethereal/v_p90.mdl","v_p90"
"models/weapons/ethereal/v_p99.mdl","v_p99"
"models/weapons/ethereal/v_pernach.mdl","v_pernach"
"models/weapons/ethereal/v_pkp.mdl","v_pkp"
"models/weapons/ethereal/v_pkp_anims.mdl","v_pkp_anims"
"models/weapons/ethereal/v_python.mdl","v_python"
"models/weapons/ethereal/v_python_anims.mdl","v_python_anims"
"models/weapons/ethereal/v_rpg.mdl","v_rpg"
"models/weapons/ethereal/v_rpk.mdl","v_rpk"
"models/weapons/ethereal/v_rpk12.mdl","v_rpk12"
"models/weapons/ethereal/v_saiga762.mdl","v_saiga762"
"models/weapons/ethereal/v_saiga_12k.mdl","v_saiga_12k"
"models/weapons/ethereal/v_sawedithaca37.mdl","v_sawedithaca37"
"models/weapons/ethereal/v_sawedithaca37_anims.mdl","v_sawedithaca37_anims"
"models/weapons/ethereal/v_sawnoff_db.mdl","v_sawnoff_db"
"models/weapons/ethereal/v_scarh.mdl","v_scarh"
"models/weapons/ethereal/v_scarh_anims.mdl","v_scarh_anims"
"models/weapons/ethereal/v_scar_.mdl","v_scar_"
"models/weapons/ethereal/v_scorpion.mdl","v_scorpion"
"models/weapons/ethereal/v_sg5511.mdl","v_sg5511"
"models/weapons/ethereal/v_sks.mdl","v_sks"
"models/weapons/ethereal/v_spas12.mdl","v_spas12"
"models/weapons/ethereal/v_sterling.mdl","v_sterling"
"models/weapons/ethereal/v_sv98b.mdl","v_sv98b"
"models/weapons/ethereal/v_sv98g.mdl","v_sv98g"
"models/weapons/ethereal/v_svd.mdl","v_svd"
"models/weapons/ethereal/v_svu.mdl","v_svu"
"models/weapons/ethereal/v_tokarev.mdl","v_tokarev"
"models/weapons/ethereal/v_tokarev_anims.mdl","v_tokarev_anims"
"models/weapons/ethereal/v_toz.mdl","v_toz"
"models/weapons/ethereal/v_ump45.mdl","v_ump45"
"models/weapons/ethereal/v_usp45.mdl","v_usp45"
"models/weapons/ethereal/v_uzi.mdl","v_uzi"
"models/weapons/ethereal/v_vector.mdl","v_vector"
"models/weapons/ethereal/v_veresk.mdl","v_veresk"
"models/weapons/ethereal/v_vityaz.mdl","v_vityaz"
"models/weapons/ethereal/v_vss.mdl","v_vss"
"models/weapons/ethereal/v_vss_anims.mdl","v_vss_anims"
"models/weapons/ethereal/v_vz58.mdl","v_vz58"
"models/weapons/ethereal/v_vz58_anims.mdl","v_vz58_anims"
"models/weapons/ethereal/w_1911.mdl","w_1911"
"models/weapons/ethereal/w_38rev.mdl","w_38rev"
"models/weapons/ethereal/w_abakan.mdl","w_abakan"
"models/weapons/ethereal/w_acr.mdl","w_acr"
"models/weapons/ethereal/w_ak12.mdl","w_ak12"
"models/weapons/ethereal/w_ak12u.mdl","w_ak12u"
"models/weapons/ethereal/w_ak5d.mdl","w_ak5d"
"models/weapons/ethereal/w_ak74.mdl","w_ak74"
"models/weapons/ethereal/w_ak742.mdl","w_ak742"
"models/weapons/ethereal/w_ak74z.mdl","w_ak74z"
"models/weapons/ethereal/w_akm.mdl","w_akm"
"models/weapons/ethereal/w_akmconc.mdl","w_akmconc"
"models/weapons/ethereal/w_aks74u.mdl","w_aks74u"
"models/weapons/ethereal/w_aks74uz.mdl","w_aks74uz"
"models/weapons/ethereal/w_alfa.mdl","w_alfa"
"models/weapons/ethereal/w_anm14.mdl","w_anm14"
"models/weapons/ethereal/w_asval.mdl","w_asval"
"models/weapons/ethereal/w_aug.mdl","w_aug"
"models/weapons/ethereal/w_br99.mdl","w_br99"
"models/weapons/ethereal/w_c4.mdl","w_c4"
"models/weapons/ethereal/w_chaser13.mdl","w_chaser13"
"models/weapons/ethereal/w_cz75.mdl","w_cz75"
"models/weapons/ethereal/w_cz805.mdl","w_cz805"
"models/weapons/ethereal/w_deagle.mdl","w_deagle"
"models/weapons/ethereal/w_det_ins.mdl","w_det_ins"
"models/weapons/ethereal/w_doublebarrel.mdl","w_doublebarrel"
"models/weapons/ethereal/w_f1.mdl","w_f1"
"models/weapons/ethereal/w_fal.mdl","w_fal"
"models/weapons/ethereal/w_famasf1.mdl","w_famasf1"
"models/weapons/ethereal/w_fiveseven.mdl","w_fiveseven"
"models/weapons/ethereal/w_fnf2000.mdl","w_fnf2000"
"models/weapons/ethereal/w_fnp.mdl","w_fnp"
"models/weapons/ethereal/w_fort500.mdl","w_fort500"
"models/weapons/ethereal/w_f_ak103.mdl","w_f_ak103"
"models/weapons/ethereal/w_f_ak105.mdl","w_f_ak105"
"models/weapons/ethereal/w_f_rpk74m.mdl","w_f_rpk74m"
"models/weapons/ethereal/w_g3a3.mdl","w_g3a3"
"models/weapons/ethereal/w_galil.mdl","w_galil"
"models/weapons/ethereal/w_galil_sar.mdl","w_galil_sar"
"models/weapons/ethereal/w_glock.mdl","w_glock"
"models/weapons/ethereal/w_grach.mdl","w_grach"
"models/weapons/ethereal/w_gren_spoon.mdl","w_gren_spoon"
"models/weapons/ethereal/w_groza1.mdl","w_groza1"
"models/weapons/ethereal/w_hk416.mdl","w_hk416"
"models/weapons/ethereal/w_ithaca37.mdl","w_ithaca37"
"models/weapons/ethereal/w_ithaca37_anims.mdl","w_ithaca37_anims"
"models/weapons/ethereal/w_k2.mdl","w_k2"
"models/weapons/ethereal/w_ks23.mdl","w_ks23"
"models/weapons/ethereal/w_l1a1.mdl","w_l1a1"
"models/weapons/ethereal/w_l85a2.mdl","w_l85a2"
"models/weapons/ethereal/w_lr300.mdl","w_lr300"
"models/weapons/ethereal/w_m10.mdl","w_m10"
"models/weapons/ethereal/w_m14.mdl","w_m14"
"models/weapons/ethereal/w_m14_wood.mdl","w_m14_wood"
"models/weapons/ethereal/w_m16.mdl","w_m16"
"models/weapons/ethereal/w_m18.mdl","w_m18"
"models/weapons/ethereal/w_m1a1.mdl","w_m1a1"
"models/weapons/ethereal/w_m249.mdl","w_m249"
"models/weapons/ethereal/w_m40.mdl","w_m40"
"models/weapons/ethereal/w_m45.mdl","w_m45"
"models/weapons/ethereal/w_m4a1.mdl","w_m4a1"
"models/weapons/ethereal/w_m4spec.mdl","w_m4spec"
"models/weapons/ethereal/w_m590.mdl","w_m590"
"models/weapons/ethereal/w_m67.mdl","w_m67"
"models/weapons/ethereal/w_m84.mdl","w_m84"
"models/weapons/ethereal/w_m9.mdl","w_m9"
"models/weapons/ethereal/w_mac10.mdl","w_mac10"
"models/weapons/ethereal/w_makarov.mdl","w_makarov"
"models/weapons/ethereal/w_marinebayonet.mdl","w_marinebayonet"
"models/weapons/ethereal/w_mg36.mdl","w_mg36"
"models/weapons/ethereal/w_mini14.mdl","w_mini14"
"models/weapons/ethereal/w_mk18.mdl","w_mk18"
"models/weapons/ethereal/w_molotov.mdl","w_molotov"
"models/weapons/ethereal/w_mosin.mdl","w_mosin"
"models/weapons/ethereal/w_mp40.mdl","w_mp40"
"models/weapons/ethereal/w_mp5a4.mdl","w_mp5a4"
"models/weapons/ethereal/w_mp5k.mdl","w_mp5k"
"models/weapons/ethereal/w_mp7.mdl","w_mp7"
"models/weapons/ethereal/w_mr96.mdl","w_mr96"
"models/weapons/ethereal/w_p226.mdl","w_p226"
"models/weapons/ethereal/w_p2a1.mdl","w_p2a1"
"models/weapons/ethereal/w_p90.mdl","w_p90"
"models/weapons/ethereal/w_p99.mdl","w_p99"
"models/weapons/ethereal/w_pernach.mdl","w_pernach"
"models/weapons/ethereal/w_pkp.mdl","w_pkp"
"models/weapons/ethereal/w_python.mdl","w_python"
"models/weapons/ethereal/w_rpg7.mdl","w_rpg7"
"models/weapons/ethereal/w_rpg7_projectile.mdl","w_rpg7_projectile"
"models/weapons/ethereal/w_rpk.mdl","w_rpk"
"models/weapons/ethereal/w_rpk12.mdl","w_rpk12"
"models/weapons/ethereal/w_saiga762.mdl","w_saiga762"
"models/weapons/ethereal/w_saiga_12k.mdl","w_saiga_12k"
"models/weapons/ethereal/w_sawedithaca37.mdl","w_sawedithaca37"
"models/weapons/ethereal/w_sawnoff_db.mdl","w_sawnoff_db"
"models/weapons/ethereal/w_sca.mdl","w_sca"
"models/weapons/ethereal/w_scarh.mdl","w_scarh"
"models/weapons/ethereal/w_scarh_anims.mdl","w_scarh_anims"
"models/weapons/ethereal/w_scorpion.mdl","w_scorpion"
"models/weapons/ethereal/w_sg5511.mdl","w_sg5511"
"models/weapons/ethereal/w_sks.mdl","w_sks"
"models/weapons/ethereal/w_spas12.mdl","w_spas12"
"models/weapons/ethereal/w_sterling.mdl","w_sterling"
"models/weapons/ethereal/w_sv98b.mdl","w_sv98b"
"models/weapons/ethereal/w_sv98g.mdl","w_sv98g"
"models/weapons/ethereal/w_svd.mdl","w_svd"
"models/weapons/ethereal/w_svu.mdl","w_svu"
"models/weapons/ethereal/w_tokarev.mdl","w_tokarev"
"models/weapons/ethereal/w_toz.mdl","w_toz"
"models/weapons/ethereal/w_ump45.mdl","w_ump45"
"models/weapons/ethereal/w_usp45.mdl","w_usp45"
"models/weapons/ethereal/w_uzi.mdl","w_uzi"
"models/weapons/ethereal/w_vector.mdl","w_vector"
"models/weapons/ethereal/w_veresk.mdl","w_veresk"
"models/weapons/ethereal/w_vityaz.mdl","w_vityaz"
"models/weapons/ethereal/w_vss.mdl","w_vss"
"models/weapons/ethereal/w_vz58.mdl","w_vz58"
"models/weapons/ethereal/w_vz58_anims.mdl","w_vz58_anims"
"models/weapons/ethereal/ak12u_upgrades/a_standard_aks74u.mdl","a_standard_aks74u"
"models/weapons/ethereal/ak12u_upgrades/a_woodgrips_aks74u.mdl","a_woodgrips_aks74u"
"models/weapons/ethereal/ak74uz_upgrades/a_modkit_07.mdl","a_modkit_07"
"models/weapons/ethereal/ak74uz_upgrades/a_standard_aks74u.mdl","a_standard_aks74u"
"models/weapons/ethereal/ak74uz_upgrades/a_woodgrips_aks74u.mdl","a_woodgrips_aks74u"
"models/weapons/ethereal/ak74uz_upgrades/w_foregrip_aks74u.mdl","w_foregrip_aks74u"
"models/weapons/ethereal/ak74uz_upgrades/w_standard_aks74u.mdl","w_standard_aks74u"
"models/weapons/ethereal/ak74z_upgrades/a_modkit_06.mdl","a_modkit_06"
"models/weapons/ethereal/ak74z_upgrades/a_standard_ak74.mdl","a_standard_ak74"
"models/weapons/ethereal/ak74z_upgrades/a_woodgrips_ak74.mdl","a_woodgrips_ak74"
"models/weapons/ethereal/ak74z_upgrades/w_foregrip_wood_2.mdl","w_foregrip_wood_2"
"models/weapons/ethereal/ak74z_upgrades/w_modkit_6.mdl","w_modkit_6"
"models/weapons/ethereal/ak74z_upgrades/w_standard_ak74.mdl","w_standard_ak74"
"models/weapons/ethereal/akm742_upgrades/a_standard_ak74.mdl","a_standard_ak74"
"models/weapons/ethereal/akmconc_upgrades/a_standard_akm.mdl","a_standard_akm"
"models/weapons/ethereal/akmconc_upgrades/a_woodgrips_akm.mdl","a_woodgrips_akm"
"models/weapons/ethereal/ithaca37_upgrades/a_standard_m590.mdl","a_standard_m590"
"models/weapons/ethereal/ithaca37_upgrades/a_standard_m590_anims.mdl","a_standard_m590_anims"
"models/weapons/ethereal/pernach_upgrades/a_flashlight_sterling.mdl","a_flashlight_sterling"
"models/weapons/ethereal/pernach_upgrades/a_laser_sterling.mdl","a_laser_sterling"
"models/weapons/ethereal/pernach_upgrades/a_modkit_sterling.mdl","a_modkit_sterling"
"models/weapons/ethereal/pernach_upgrades/a_standard_sterling.mdl","a_standard_sterling"
"models/weapons/ethereal/pernach_upgrades/a_suppressor_sterling.mdl","a_suppressor_sterling"
"models/weapons/ethereal/pernach_upgrades/w_modkit_sterling.mdl","w_modkit_sterling"
"models/weapons/ethereal/pernach_upgrades/w_sil_sterling.mdl","w_sil_sterling"
"models/weapons/ethereal/pernach_upgrades/w_standard_sterling.mdl","w_standard_sterling"
"models/weapons/ethereal/pernach_upgrades/rail_mounted/a_flashlight_sterling.mdl","a_flashlight_sterling"
"models/weapons/ethereal/pernach_upgrades/rail_mounted/a_laser_sterling.mdl","a_laser_sterling"
"models/weapons/ethereal/rpk12_upgrades/a_woodgrips_akm.mdl","a_woodgrips_akm"
"models/weapons/ethereal/sg552/a_sig_mag.mdl","a_sig_mag"
"models/weapons/ethereal/sg552/v_sg552.mdl","v_sg552"
"models/weapons/ethereal/sg552/w_sg552.mdl","w_sg552"
"models/weapons/ethereal/tokarev_upgrades/a_magazine_1911_15.mdl","a_magazine_1911_15"
"models/weapons/ethereal/tokarev_upgrades/a_magazine_1911_8.mdl","a_magazine_1911_8"
"models/weapons/ethereal/upgrades/a_bipod_mosin.mdl","a_bipod_mosin"
"models/weapons/ethereal/upgrades/a_carryhandle_sca.mdl","a_carryhandle_sca"
"models/weapons/ethereal/upgrades/a_foregrip_ak12.mdl","a_foregrip_ak12"
"models/weapons/ethereal/upgrades/a_foregrip_alfa.mdl","a_foregrip_alfa"
"models/weapons/ethereal/upgrades/a_grokit_07.mdl","a_grokit_07"
"models/weapons/ethereal/upgrades/a_m14_scope.mdl","a_m14_scope"
"models/weapons/ethereal/upgrades/a_magazine_deag_7.mdl","a_magazine_deag_7"
"models/weapons/ethereal/upgrades/a_magazine_fnp_15.mdl","a_magazine_fnp_15"
"models/weapons/ethereal/upgrades/a_magazine_fnp_8.mdl","a_magazine_fnp_8"
"models/weapons/ethereal/upgrades/a_modkit_mosin.mdl","a_modkit_mosin"
"models/weapons/ethereal/upgrades/a_sights_aug.mdl","a_sights_aug"
"models/weapons/ethereal/upgrades/a_standard2_scar_.mdl","a_standard2_scar_"
"models/weapons/ethereal/upgrades/a_standard_ak12.mdl","a_standard_ak12"
"models/weapons/ethereal/upgrades/a_standard_br99.mdl","a_standard_br99"
"models/weapons/ethereal/upgrades/a_standard_groza1.mdl","a_standard_groza1"
"models/weapons/ethereal/upgrades/a_standard_mk17.mdl","a_standard_mk17"
"models/weapons/ethereal/upgrades/a_standard_scar_.mdl","a_standard_scar_"
"models/weapons/ethereal/upgrades/a_suppressor_gro.mdl","a_suppressor_gro"
"models/weapons/ethereal/upgrades/a_woodgrips_groza1.mdl","a_woodgrips_groza1"
"models/weapons/ethereal/upgrades/f_gl_gp25.mdl","f_gl_gp25"
"models/weapons/ethereal/upgrades/f_kv04s_1.mdl","f_kv04s_1"
"models/weapons/ethereal/upgrades/f_kv04s_2.mdl","f_kv04s_2"
"models/weapons/ethereal/upgrades/f_pbs1.mdl","f_pbs1"
"models/weapons/ethereal/upgrades/f_pbs4.mdl","f_pbs4"
"models/weapons/ethereal/upgrades/f_vertgrip_1.mdl","f_vertgrip_1"
"models/weapons/ethereal/upgrades/f_vertgrip_2.mdl","f_vertgrip_2"
"models/weapons/ethereal/upgrades/f_vertgrip_3.mdl","f_vertgrip_3"
"models/weapons/ethereal/upgrades/w_flipup2.mdl","w_flipup2"
"models/weapons/ethereal/upgrades/w_flipup_br99.mdl","w_flipup_br99"
"models/weapons/ethereal/upgrades/w_foregrip_alfa.mdl","w_foregrip_alfa"
"models/weapons/ethereal/upgrades/w_foregrip_groza1.mdl","w_foregrip_groza1"
"models/weapons/ethereal/upgrades/w_f_kv04s_1.mdl","w_f_kv04s_1"
"models/weapons/ethereal/upgrades/w_f_kv04s_2.mdl","w_f_kv04s_2"
"models/weapons/ethereal/upgrades/w_f_vertgrip_1.mdl","w_f_vertgrip_1"
"models/weapons/ethereal/upgrades/w_f_vertgrip_2.mdl","w_f_vertgrip_2"
"models/weapons/ethereal/upgrades/w_f_vertgrip_3.mdl","w_f_vertgrip_3"
"models/weapons/ethereal/upgrades/w_grokit_7.mdl","w_grokit_7"
"models/weapons/ethereal/upgrades/w_m14_scope.mdl","w_m14_scope"
"models/weapons/ethereal/upgrades/w_magazine_fnp_15.mdl","w_magazine_fnp_15"
"models/weapons/ethereal/upgrades/w_magazine_fnp_8.mdl","w_magazine_fnp_8"
"models/weapons/ethereal/upgrades/w_standard_groza1.mdl","w_standard_groza1"
"models/weapons/ethereal/vz58_upgrades/a_standard_akm.mdl","a_standard_akm"
"models/weapons/ethereal/vz58_upgrades/a_woodgrips_akm.mdl","a_woodgrips_akm"
"models/weapons/g36/v_g36.mdl","v_g36"
"models/weapons/g36/w_g36.mdl","w_g36"
"models/weapons/glock/a_magazine_glock_extended.mdl","a_magazine_glock_extended"
"models/weapons/glock/a_magazine_glock_standard.mdl","a_magazine_glock_standard"
"models/weapons/glock/v_glock17.mdl","v_glock17"
"models/weapons/glock/v_glock18.mdl","v_glock18"
"models/weapons/glock/w_glock17.mdl","w_glock17"
"models/weapons/glock/w_glock18.mdl","w_glock18"
"models/weapons/glock/w_glockextmag.mdl","w_glockextmag"
"models/weapons/glock/w_glockmag.mdl","w_glockmag"
"models/weapons/gsh18/v_gsh18.mdl","v_gsh18"
"models/weapons/gsh18/w_gsh18.mdl","w_gsh18"
"models/weapons/gyurza/v_gyurza.mdl","v_gyurza"
"models/weapons/gyurza/w_gyurza.mdl","w_gyurza"
"models/weapons/gyurza/upgrades/a_flashlight_gyurza.mdl","a_flashlight_gyurza"
"models/weapons/gyurza/upgrades/a_laser_gyurza.mdl","a_laser_gyurza"
"models/weapons/gyurza/upgrades/a_magazine_gyurza_15.mdl","a_magazine_gyurza_15"
"models/weapons/gyurza/upgrades/a_magazine_gyurza_8.mdl","a_magazine_gyurza_8"
"models/weapons/gyurza/upgrades/a_suppressor_gyurza.mdl","a_suppressor_gyurza"
"models/weapons/gyurza/upgrades/w_gyurza_pistol.mdl","w_gyurza_pistol"
"models/weapons/gyurza/upgrades/w_magazine_gyurza_15.mdl","w_magazine_gyurza_15"
"models/weapons/gyurza/upgrades/w_magazine_gyurza_8.mdl","w_magazine_gyurza_8"
"models/weapons/l85/a_emag.mdl","a_emag"
"models/weapons/l85/a_grippod.mdl","a_grippod"
"models/weapons/l85/a_l85barrel.mdl","a_l85barrel"
"models/weapons/l85/a_l85forend.mdl","a_l85forend"
"models/weapons/l85/a_l85longbarrel.mdl","a_l85longbarrel"
"models/weapons/l85/a_l85modkit.mdl","a_l85modkit"
"models/weapons/l85/a_l85sight.mdl","a_l85sight"
"models/weapons/l85/a_optic_susat.mdl","a_optic_susat"
"models/weapons/l85/a_ugl.mdl","a_ugl"
"models/weapons/l85/v_l85.mdl","v_l85"
"models/weapons/l85/w_l85.mdl","w_l85"
"models/weapons/l85/w_l85barrel.mdl","w_l85barrel"
"models/weapons/l85/w_l85forend.mdl","w_l85forend"
"models/weapons/l85/w_l85longbarrel.mdl","w_l85longbarrel"
"models/weapons/l85/w_l85mag.mdl","w_l85mag"
"models/weapons/l85/w_l85sight.mdl","w_l85sight"
"models/weapons/m1014/a_magazine_m1014_extended.mdl","a_magazine_m1014_extended"
"models/weapons/m1014/a_magazine_m1014_standard.mdl","a_magazine_m1014_standard"
"models/weapons/m1014/a_shell_m1014_standard.mdl","a_shell_m1014_standard"
"models/weapons/m1014/a_slug_m1014_standard.mdl","a_slug_m1014_standard"
"models/weapons/m1014/v_m1014.mdl","v_m1014"
"models/weapons/m1014/w_m1014.mdl","w_m1014"
"models/weapons/m240b/v_m249.mdl","v_m249"
"models/weapons/m240b/w_m249.mdl","w_m249"
"models/weapons/m98/v_m98b.mdl","v_m98b"
"models/weapons/m98/v_m98b_cartel.mdl","v_m98b_cartel"
"models/weapons/m98/v_m98b_pink.mdl","v_m98b_pink"
"models/weapons/m98/w_m98b.mdl","w_m98b"
"models/weapons/m98/w_m98b_cartel.mdl","w_m98b_cartel"
"models/weapons/m98/w_m98b_pink.mdl","w_m98b_pink"
"models/weapons/mags/a_saiga_drum_mag.mdl","a_saiga_drum_mag"
"models/weapons/mags/a_saiga_mag.mdl","a_saiga_mag"
"models/weapons/mags/w_saiga_drum.mdl","w_saiga_drum"
"models/weapons/mags/w_saiga_mag.mdl","w_saiga_mag"
"models/weapons/mc255/v_mc255.mdl","v_mc255"
"models/weapons/mc255/w_mc255.mdl","w_mc255"
"models/weapons/misc/v_cw_kk_ins2_parallax.mdl","v_cw_kk_ins2_parallax"
"models/weapons/mk18mod1/mk18mod1_anims.mdl","mk18mod1_anims"
"models/weapons/mk18mod1/v_mk18mod1.mdl","v_mk18mod1"
"models/weapons/mk18mod1/w_mk18mod1.mdl","w_mk18mod1"
"models/weapons/mk18mod1/upgrades/a_standard2_mk18.mdl","a_standard2_mk18"
"models/weapons/mk18mod1/upgrades/a_standard3_mk18.mdl","a_standard3_mk18"
"models/weapons/mpx/v_mpx.mdl","v_mpx"
"models/weapons/mpx/w_mpx.mdl","w_mpx"
"models/weapons/obrez/v_obrez.mdl","v_obrez"
"models/weapons/obrez/w_obrez.mdl","w_obrez"
"models/weapons/qbz03/v_qbz03.mdl","v_qbz03"
"models/weapons/qbz03/w_qbz03.mdl","w_qbz03"
"models/weapons/sa58/v_sa58.mdl","v_sa58"
"models/weapons/sa58/w_fal.mdl","w_fal"
"models/weapons/sa58/w_sa58.mdl","w_sa58"
"models/weapons/sa58/upgrades/a_magazine_fal_20.mdl","a_magazine_fal_20"
"models/weapons/saigaspike/v_saiga_spike.mdl","v_saiga_spike"
"models/weapons/saigaspike/v_saiga_spike_joke.mdl","v_saiga_spike_joke"
"models/weapons/saigaspike/v_saiga_spike_syndicate.mdl","v_saiga_spike_syndicate"
"models/weapons/saigaspike/w_saiga_spike.mdl","w_saiga_spike"
"models/weapons/saigaspike/w_saiga_spike_joke.mdl","w_saiga_spike_joke"
"models/weapons/saigaspike/w_saiga_spike_syndicate.mdl","w_saiga_spike_syndicate"
"models/weapons/scar/a_bipod_scar.mdl","a_bipod_scar"
"models/weapons/scar/a_flashlight_scar.mdl","a_flashlight_scar"
"models/weapons/scar/a_scar_extendedmag.mdl","a_scar_extendedmag"
"models/weapons/scar/a_scar_folded.mdl","a_scar_folded"
"models/weapons/scar/a_scar_heavybarrel.mdl","a_scar_heavybarrel"
"models/weapons/scar/a_scar_standard.mdl","a_scar_standard"
"models/weapons/scar/a_scar_standardbarrel.mdl","a_scar_standardbarrel"
"models/weapons/scar/a_scar_standardmag.mdl","a_scar_standardmag"
"models/weapons/scar/v_scar.mdl","v_scar"
"models/weapons/scar/w_scar.mdl","w_scar"
"models/weapons/sg552/a_sig_mag.mdl","a_sig_mag"
"models/weapons/sg552/v_sg552.mdl","v_sg552"
"models/weapons/sg552/w_sg552.mdl","w_sg552"
"models/weapons/shells/12guage.mdl","12guage"
"models/weapons/shells/40mm.mdl","40mm"
"models/weapons/shells/45apc.mdl","45apc"
"models/weapons/shells/545x39.mdl","545x39"
"models/weapons/shells/556x45.mdl","556x45"
"models/weapons/shells/556x45_link.mdl","556x45_link"
"models/weapons/shells/762x33.mdl","762x33"
"models/weapons/shells/762x39.mdl","762x39"
"models/weapons/shells/762x51.mdl","762x51"
"models/weapons/shells/762x54.mdl","762x54"
"models/weapons/shells/9x19.mdl","9x19"
"models/weapons/shield/v_shield.mdl","v_shield"
"models/weapons/shield/w_shield.mdl","w_shield"
"models/weapons/shield/models/weapons/shield/w_shield.mdl","w_shield"
"models/weapons/shuriken/shuriken.mdl","shuriken"
"models/weapons/stonerlmg/v_stonerlmg.mdl","v_stonerlmg"
"models/weapons/stonerlmg/w_stonerlmg.mdl","w_stonerlmg"
"models/weapons/suomi/a_suomi_drum.mdl","a_suomi_drum"
"models/weapons/suomi/a_suomi_mag.mdl","a_suomi_mag"
"models/weapons/suomi/v_suomi.mdl","v_suomi"
"models/weapons/suomi/w_suomi.mdl","w_suomi"
"models/weapons/suomi/w_suomi_drum.mdl","w_suomi_drum"
"models/weapons/suomi/w_suomi_mag.mdl","w_suomi_mag"
"models/weapons/sw500/v_sw500.mdl","v_sw500"
"models/weapons/sw500/w_sw500.mdl","w_sw500"
"models/weapons/t5000/v_t5000.mdl","v_t5000"
"models/weapons/t5000/v_t5000_rage.mdl","v_t5000_rage"
"models/weapons/t5000/w_t5000.mdl","w_t5000"
"models/weapons/t5000/w_t5000_rage.mdl","w_t5000_rage"
"models/weapons/typhoon12/v_typhoon12.mdl","v_typhoon12"
"models/weapons/typhoon12/w_typhoon12.mdl","w_typhoon12"
"models/weapons/upgrades/a_bipod_ar.mdl","a_bipod_ar"
"models/weapons/upgrades/a_bipod_fal.mdl","a_bipod_fal"
"models/weapons/upgrades/a_bipod_galil.mdl","a_bipod_galil"
"models/weapons/upgrades/a_bipod_m14.mdl","a_bipod_m14"
"models/weapons/upgrades/a_bipod_m40.mdl","a_bipod_m40"
"models/weapons/upgrades/a_bipod_mosin.mdl","a_bipod_mosin"
"models/weapons/upgrades/a_bipod_scar.mdl","a_bipod_scar"
"models/weapons/upgrades/a_bipod_sks.mdl","a_bipod_sks"
"models/weapons/upgrades/a_carryhandle_l85.mdl","a_carryhandle_l85"
"models/weapons/upgrades/a_carryhandle_m16.mdl","a_carryhandle_m16"
"models/weapons/upgrades/a_carryhandle_m4.mdl","a_carryhandle_m4"
"models/weapons/upgrades/a_cobraloader_rev.mdl","a_cobraloader_rev"
"models/weapons/upgrades/a_dbal.mdl","a_dbal"
"models/weapons/upgrades/a_emag.mdl","a_emag"
"models/weapons/upgrades/a_extendedmag_stanag.mdl","a_extendedmag_stanag"
"models/weapons/upgrades/a_flashlight_band.mdl","a_flashlight_band"
"models/weapons/upgrades/a_flashlight_glock.mdl","a_flashlight_glock"
"models/weapons/upgrades/a_flashlight_glock_small.mdl","a_flashlight_glock_small"
"models/weapons/upgrades/a_flashlight_gsh.mdl","a_flashlight_gsh"
"models/weapons/upgrades/a_flashlight_ins_shotgun.mdl","a_flashlight_ins_shotgun"
"models/weapons/upgrades/a_flashlight_m1014.mdl","a_flashlight_m1014"
"models/weapons/upgrades/a_flashlight_m45.mdl","a_flashlight_m45"
"models/weapons/upgrades/a_flashlight_m9.mdl","a_flashlight_m9"
"models/weapons/upgrades/a_flashlight_mak.mdl","a_flashlight_mak"
"models/weapons/upgrades/a_flashlight_rail.mdl","a_flashlight_rail"
"models/weapons/upgrades/a_flashlight_rr.mdl","a_flashlight_rr"
"models/weapons/upgrades/a_flashlight_sec_shotgun.mdl","a_flashlight_sec_shotgun"
"models/weapons/upgrades/a_flashlight_sterling.mdl","a_flashlight_sterling"
"models/weapons/upgrades/a_flashlight_suomi.mdl","a_flashlight_suomi"
"models/weapons/upgrades/a_foregrip_ins.mdl","a_foregrip_ins"
"models/weapons/upgrades/a_foregrip_ins2.mdl","a_foregrip_ins2"
"models/weapons/upgrades/a_foregrip_rr.mdl","a_foregrip_rr"
"models/weapons/upgrades/a_foregrip_scar.mdl","a_foregrip_scar"
"models/weapons/upgrades/a_foregrip_sec.mdl","a_foregrip_sec"
"models/weapons/upgrades/a_foregrip_sec2.mdl","a_foregrip_sec2"
"models/weapons/upgrades/a_gl_gp25.mdl","a_gl_gp25"
"models/weapons/upgrades/a_gl_m203.mdl","a_gl_m203"
"models/weapons/upgrades/a_gl_m320.mdl","a_gl_m320"
"models/weapons/upgrades/a_iron_springfield.mdl","a_iron_springfield"
"models/weapons/upgrades/a_ithaca_namonet.mdl","a_ithaca_namonet"
"models/weapons/upgrades/a_kar98k_bayonet.mdl","a_kar98k_bayonet"
"models/weapons/upgrades/a_laser_01.mdl","a_laser_01"
"models/weapons/upgrades/a_laser_02.mdl","a_laser_02"
"models/weapons/upgrades/a_laser_band.mdl","a_laser_band"
"models/weapons/upgrades/a_laser_glock.mdl","a_laser_glock"
"models/weapons/upgrades/a_laser_glock_small.mdl","a_laser_glock_small"
"models/weapons/upgrades/a_laser_gsh.mdl","a_laser_gsh"
"models/weapons/upgrades/a_laser_ins_shotgun.mdl","a_laser_ins_shotgun"
"models/weapons/upgrades/a_laser_m1014.mdl","a_laser_m1014"
"models/weapons/upgrades/a_laser_m9.mdl","a_laser_m9"
"models/weapons/upgrades/a_laser_mak.mdl","a_laser_mak"
"models/weapons/upgrades/a_laser_pistol.mdl","a_laser_pistol"
"models/weapons/upgrades/a_laser_rail.mdl","a_laser_rail"
"models/weapons/upgrades/a_laser_sec_shotgun.mdl","a_laser_sec_shotgun"
"models/weapons/upgrades/a_laser_sterling.mdl","a_laser_sterling"
"models/weapons/upgrades/a_laser_suomi.mdl","a_laser_suomi"
"models/weapons/upgrades/a_magazikk_makag19_15.mdl","a_magazikk_makag19_15"
"models/weapons/upgrades/a_magazikk_makag19_8.mdl","a_magazikk_makag19_8"
"models/weapons/upgrades/a_magazine_1911_15.mdl","a_magazine_1911_15"
"models/weapons/upgrades/a_magazine_1911_8.mdl","a_magazine_1911_8"
"models/weapons/upgrades/a_magazine_colt_15.mdl","a_magazine_colt_15"
"models/weapons/upgrades/a_magazine_colt_30.mdl","a_magazine_colt_30"
"models/weapons/upgrades/a_magazine_fal_20.mdl","a_magazine_fal_20"
"models/weapons/upgrades/a_magazine_fal_l1a1_30.mdl","a_magazine_fal_l1a1_30"
"models/weapons/upgrades/a_magazine_galil_35.mdl","a_magazine_galil_35"
"models/weapons/upgrades/a_magazine_galil_75.mdl","a_magazine_galil_75"
"models/weapons/upgrades/a_magazine_glock_extended.mdl","a_magazine_glock_extended"
"models/weapons/upgrades/a_magazine_glock_standard.mdl","a_magazine_glock_standard"
"models/weapons/upgrades/a_magazine_l1a1_20.mdl","a_magazine_l1a1_20"
"models/weapons/upgrades/a_magazine_m1014_extended.mdl","a_magazine_m1014_extended"
"models/weapons/upgrades/a_magazine_m1014_standard.mdl","a_magazine_m1014_standard"
"models/weapons/upgrades/a_magazine_m1a1_15.mdl","a_magazine_m1a1_15"
"models/weapons/upgrades/a_magazine_m1a1_30.mdl","a_magazine_m1a1_30"
"models/weapons/upgrades/a_magazine_m45_15.mdl","a_magazine_m45_15"
"models/weapons/upgrades/a_magazine_m45_8.mdl","a_magazine_m45_8"
"models/weapons/upgrades/a_magazine_makarov_15.mdl","a_magazine_makarov_15"
"models/weapons/upgrades/a_magazine_makarov_8.mdl","a_magazine_makarov_8"
"models/weapons/upgrades/a_magazine_usp_15.mdl","a_magazine_usp_15"
"models/weapons/upgrades/a_magazine_usp_standard.mdl","a_magazine_usp_standard"
"models/weapons/upgrades/a_match.mdl","a_match"
"models/weapons/upgrades/a_mb_saiga_big.mdl","a_mb_saiga_big"
"models/weapons/upgrades/a_mb_saiga_small.mdl","a_mb_saiga_small"
"models/weapons/upgrades/a_modkit_02.mdl","a_modkit_02"
"models/weapons/upgrades/a_modkit_04.mdl","a_modkit_04"
"models/weapons/upgrades/a_modkit_05.mdl","a_modkit_05"
"models/weapons/upgrades/a_modkit_06.mdl","a_modkit_06"
"models/weapons/upgrades/a_modkit_07.mdl","a_modkit_07"
"models/weapons/upgrades/a_modkit_colt.mdl","a_modkit_colt"
"models/weapons/upgrades/a_modkit_fal.mdl","a_modkit_fal"
"models/weapons/upgrades/a_modkit_l1a1.mdl","a_modkit_l1a1"
"models/weapons/upgrades/a_modkit_m1a1.mdl","a_modkit_m1a1"
"models/weapons/upgrades/a_modkit_m40.mdl","a_modkit_m40"
"models/weapons/upgrades/a_modkit_mosin.mdl","a_modkit_mosin"
"models/weapons/upgrades/a_modkit_spas12.mdl","a_modkit_spas12"
"models/weapons/upgrades/a_modkit_sterling.mdl","a_modkit_sterling"
"models/weapons/upgrades/a_mount_galil.mdl","a_mount_galil"
"models/weapons/upgrades/a_optic_aimp2x.mdl","a_optic_aimp2x"
"models/weapons/upgrades/a_optic_aimp2x_l.mdl","a_optic_aimp2x_l"
"models/weapons/upgrades/a_optic_aimp2x_m.mdl","a_optic_aimp2x_m"
"models/weapons/upgrades/a_optic_aimpoint.mdl","a_optic_aimpoint"
"models/weapons/upgrades/a_optic_aimpoint_l.mdl","a_optic_aimpoint_l"
"models/weapons/upgrades/a_optic_aimpoint_m.mdl","a_optic_aimpoint_m"
"models/weapons/upgrades/a_optic_cmore.mdl","a_optic_cmore"
"models/weapons/upgrades/a_optic_elcan.mdl","a_optic_elcan"
"models/weapons/upgrades/a_optic_elcan_l.mdl","a_optic_elcan_l"
"models/weapons/upgrades/a_optic_elcan_m.mdl","a_optic_elcan_m"
"models/weapons/upgrades/a_optic_eotech.mdl","a_optic_eotech"
"models/weapons/upgrades/a_optic_eotech_l.mdl","a_optic_eotech_l"
"models/weapons/upgrades/a_optic_eotech_m.mdl","a_optic_eotech_m"
"models/weapons/upgrades/a_optic_eotech_xl.mdl","a_optic_eotech_xl"
"models/weapons/upgrades/a_optic_kk_zf41.mdl","a_optic_kk_zf41"
"models/weapons/upgrades/a_optic_kobra.mdl","a_optic_kobra"
"models/weapons/upgrades/a_optic_kobra_l.mdl","a_optic_kobra_l"
"models/weapons/upgrades/a_optic_kobra_m.mdl","a_optic_kobra_m"
"models/weapons/upgrades/a_optic_kobra_xl.mdl","a_optic_kobra_xl"
"models/weapons/upgrades/a_optic_m40.mdl","a_optic_m40"
"models/weapons/upgrades/a_optic_m40_l.mdl","a_optic_m40_l"
"models/weapons/upgrades/a_optic_m40_lense_test.mdl","a_optic_m40_lense_test"
"models/weapons/upgrades/a_optic_m40_test.mdl","a_optic_m40_test"
"models/weapons/upgrades/a_optic_micro.mdl","a_optic_micro"
"models/weapons/upgrades/a_optic_micro_large.mdl","a_optic_micro_large"
"models/weapons/upgrades/a_optic_micro_rifle.mdl","a_optic_micro_rifle"
"models/weapons/upgrades/a_optic_mosin.mdl","a_optic_mosin"
"models/weapons/upgrades/a_optic_mosin_l.mdl","a_optic_mosin_l"
"models/weapons/upgrades/a_optic_mosin_m.mdl","a_optic_mosin_m"
"models/weapons/upgrades/a_optic_pistoldot.mdl","a_optic_pistoldot"
"models/weapons/upgrades/a_optic_pistoldot_usp.mdl","a_optic_pistoldot_usp"
"models/weapons/upgrades/a_optic_po4x24.mdl","a_optic_po4x24"
"models/weapons/upgrades/a_optic_po4x24_l.mdl","a_optic_po4x24_l"
"models/weapons/upgrades/a_optic_po4x24_m.mdl","a_optic_po4x24_m"
"models/weapons/upgrades/a_optic_scar.mdl","a_optic_scar"
"models/weapons/upgrades/a_optic_spectre.mdl","a_optic_spectre"
"models/weapons/upgrades/a_optic_spectre_large.mdl","a_optic_spectre_large"
"models/weapons/upgrades/a_optic_susat.mdl","a_optic_susat"
"models/weapons/upgrades/a_optic_trijicon.mdl","a_optic_trijicon"
"models/weapons/upgrades/a_pistol_rail.mdl","a_pistol_rail"
"models/weapons/upgrades/a_projectile_gp25.mdl","a_projectile_gp25"
"models/weapons/upgrades/a_projectile_m203.mdl","a_projectile_m203"
"models/weapons/upgrades/a_projectile_rpg_01.mdl","a_projectile_rpg_01"
"models/weapons/upgrades/a_rusrail.mdl","a_rusrail"
"models/weapons/upgrades/a_semishotgun_sight.mdl","a_semishotgun_sight"
"models/weapons/upgrades/a_shell_m1014_standard.mdl","a_shell_m1014_standard"
"models/weapons/upgrades/a_speedloader_rev.mdl","a_speedloader_rev"
"models/weapons/upgrades/a_standard2_m16a4.mdl","a_standard2_m16a4"
"models/weapons/upgrades/a_standard2_m4a1.mdl","a_standard2_m4a1"
"models/weapons/upgrades/a_standard2_mk18.mdl","a_standard2_mk18"
"models/weapons/upgrades/a_standard3_m16a4.mdl","a_standard3_m16a4"
"models/weapons/upgrades/a_standard3_m4a1.mdl","a_standard3_m4a1"
"models/weapons/upgrades/a_standard3_mk18.mdl","a_standard3_mk18"
"models/weapons/upgrades/a_standard4_m4a1.mdl","a_standard4_m4a1"
"models/weapons/upgrades/a_standard5_m4a1.mdl","a_standard5_m4a1"
"models/weapons/upgrades/a_standard6_m4a1.mdl","a_standard6_m4a1"
"models/weapons/upgrades/a_standardmag_stanag.mdl","a_standardmag_stanag"
"models/weapons/upgrades/a_standard_ak74.mdl","a_standard_ak74"
"models/weapons/upgrades/a_standard_akm.mdl","a_standard_akm"
"models/weapons/upgrades/a_standard_aks74u.mdl","a_standard_aks74u"
"models/weapons/upgrades/a_standard_aug.mdl","a_standard_aug"
"models/weapons/upgrades/a_standard_br99.mdl","a_standard_br99"
"models/weapons/upgrades/a_standard_fal.mdl","a_standard_fal"
"models/weapons/upgrades/a_standard_galil.mdl","a_standard_galil"
"models/weapons/upgrades/a_standard_ksg.mdl","a_standard_ksg"
"models/weapons/upgrades/a_standard_l1a1.mdl","a_standard_l1a1"
"models/weapons/upgrades/a_standard_m16.mdl","a_standard_m16"
"models/weapons/upgrades/a_standard_m16a4.mdl","a_standard_m16a4"
"models/weapons/upgrades/a_standard_m1a1.mdl","a_standard_m1a1"
"models/weapons/upgrades/a_standard_m40.mdl","a_standard_m40"
"models/weapons/upgrades/a_standard_m4a1.mdl","a_standard_m4a1"
"models/weapons/upgrades/a_standard_m590.mdl","a_standard_m590"
"models/weapons/upgrades/a_standard_mk18.mdl","a_standard_mk18"
"models/weapons/upgrades/a_standard_sterling.mdl","a_standard_sterling"
"models/weapons/upgrades/a_suomi_drum.mdl","a_suomi_drum"
"models/weapons/upgrades/a_suomi_mag.mdl","a_suomi_mag"
"models/weapons/upgrades/a_suppressor_12ga.mdl","a_suppressor_12ga"
"models/weapons/upgrades/a_suppressor_ak.mdl","a_suppressor_ak"
"models/weapons/upgrades/a_suppressor_aks.mdl","a_suppressor_aks"
"models/weapons/upgrades/a_suppressor_ins.mdl","a_suppressor_ins"
"models/weapons/upgrades/a_suppressor_pistol.mdl","a_suppressor_pistol"
"models/weapons/upgrades/a_suppressor_pistol_glock.mdl","a_suppressor_pistol_glock"
"models/weapons/upgrades/a_suppressor_salvo.mdl","a_suppressor_salvo"
"models/weapons/upgrades/a_suppressor_sec.mdl","a_suppressor_sec"
"models/weapons/upgrades/a_suppressor_sec2.mdl","a_suppressor_sec2"
"models/weapons/upgrades/a_suppressor_sten.mdl","a_suppressor_sten"
"models/weapons/upgrades/a_suppressor_sterling.mdl","a_suppressor_sterling"
"models/weapons/upgrades/a_surefire.mdl","a_surefire"
"models/weapons/upgrades/a_uspbarrel.mdl","a_uspbarrel"
"models/weapons/upgrades/a_woodgrips_ak74.mdl","a_woodgrips_ak74"
"models/weapons/upgrades/a_woodgrips_akm.mdl","a_woodgrips_akm"
"models/weapons/upgrades/a_woodgrips_aks74u.mdl","a_woodgrips_aks74u"
"models/weapons/upgrades/a_woodgrips_aug.mdl","a_woodgrips_aug"
"models/weapons/upgrades/insguns_a_augflash.mdl","insguns_a_augflash"
"models/weapons/upgrades/insguns_a_auglaser.mdl","insguns_a_auglaser"
"models/weapons/upgrades/w_aimpoint.mdl","w_aimpoint"
"models/weapons/upgrades/w_bipod_galil.mdl","w_bipod_galil"
"models/weapons/upgrades/w_bipod_m40.mdl","w_bipod_m40"
"models/weapons/upgrades/w_bipod_mosin.mdl","w_bipod_mosin"
"models/weapons/upgrades/w_elcan.mdl","w_elcan"
"models/weapons/upgrades/w_eotech.mdl","w_eotech"
"models/weapons/upgrades/w_flipup1.mdl","w_flipup1"
"models/weapons/upgrades/w_flipup2.mdl","w_flipup2"
"models/weapons/upgrades/w_flipup3.mdl","w_flipup3"
"models/weapons/upgrades/w_flipup85.mdl","w_flipup85"
"models/weapons/upgrades/w_flipup_br99.mdl","w_flipup_br99"
"models/weapons/upgrades/w_flipup_m40.mdl","w_flipup_m40"
"models/weapons/upgrades/w_foregrip_aks74u.mdl","w_foregrip_aks74u"
"models/weapons/upgrades/w_foregrip_ins.mdl","w_foregrip_ins"
"models/weapons/upgrades/w_foregrip_sec1.mdl","w_foregrip_sec1"
"models/weapons/upgrades/w_foregrip_sec2.mdl","w_foregrip_sec2"
"models/weapons/upgrades/w_foregrip_wood_1.mdl","w_foregrip_wood_1"
"models/weapons/upgrades/w_foregrip_wood_2.mdl","w_foregrip_wood_2"
"models/weapons/upgrades/w_gp25.mdl","w_gp25"
"models/weapons/upgrades/w_ins_foregrip.mdl","w_ins_foregrip"
"models/weapons/upgrades/w_iron_springfield.mdl","w_iron_springfield"
"models/weapons/upgrades/w_kar98k_bayonet.mdl","w_kar98k_bayonet"
"models/weapons/upgrades/w_kobra.mdl","w_kobra"
"models/weapons/upgrades/w_laser_ins.mdl","w_laser_ins"
"models/weapons/upgrades/w_laser_sec.mdl","w_laser_sec"
"models/weapons/upgrades/w_m203.mdl","w_m203"
"models/weapons/upgrades/w_magaim.mdl","w_magaim"
"models/weapons/upgrades/w_magazikk_makag19_15.mdl","w_magazikk_makag19_15"
"models/weapons/upgrades/w_magazikk_makag19_8.mdl","w_magazikk_makag19_8"
"models/weapons/upgrades/w_magazine_1911_15.mdl","w_magazine_1911_15"
"models/weapons/upgrades/w_magazine_1911_8.mdl","w_magazine_1911_8"
"models/weapons/upgrades/w_magazine_colt_15.mdl","w_magazine_colt_15"
"models/weapons/upgrades/w_magazine_colt_30.mdl","w_magazine_colt_30"
"models/weapons/upgrades/w_magazine_galil_35.mdl","w_magazine_galil_35"
"models/weapons/upgrades/w_magazine_galil_75.mdl","w_magazine_galil_75"
"models/weapons/upgrades/w_magazine_m1a1_15.mdl","w_magazine_m1a1_15"
"models/weapons/upgrades/w_magazine_m1a1_30.mdl","w_magazine_m1a1_30"
"models/weapons/upgrades/w_magazine_m45_15.mdl","w_magazine_m45_15"
"models/weapons/upgrades/w_magazine_m45_8.mdl","w_magazine_m45_8"
"models/weapons/upgrades/w_magazine_makarov_15.mdl","w_magazine_makarov_15"
"models/weapons/upgrades/w_magazine_makarov_8.mdl","w_magazine_makarov_8"
"models/weapons/upgrades/w_mb_saiga_big.mdl","w_mb_saiga_big"
"models/weapons/upgrades/w_mb_saiga_small.mdl","w_mb_saiga_small"
"models/weapons/upgrades/w_modkit_4.mdl","w_modkit_4"
"models/weapons/upgrades/w_modkit_5.mdl","w_modkit_5"
"models/weapons/upgrades/w_modkit_6.mdl","w_modkit_6"
"models/weapons/upgrades/w_modkit_7.mdl","w_modkit_7"
"models/weapons/upgrades/w_modkit_colt.mdl","w_modkit_colt"
"models/weapons/upgrades/w_modkit_m1a1.mdl","w_modkit_m1a1"
"models/weapons/upgrades/w_modkit_mosin.mdl","w_modkit_mosin"
"models/weapons/upgrades/w_modkit_sterling.mdl","w_modkit_sterling"
"models/weapons/upgrades/w_mount_galil.mdl","w_mount_galil"
"models/weapons/upgrades/w_po.mdl","w_po"
"models/weapons/upgrades/w_scope_m40.mdl","w_scope_m40"
"models/weapons/upgrades/w_scope_mosin.mdl","w_scope_mosin"
"models/weapons/upgrades/w_sil_ins1.mdl","w_sil_ins1"
"models/weapons/upgrades/w_sil_pistol.mdl","w_sil_pistol"
"models/weapons/upgrades/w_sil_sec1.mdl","w_sil_sec1"
"models/weapons/upgrades/w_sil_sec2.mdl","w_sil_sec2"
"models/weapons/upgrades/w_sil_sterling.mdl","w_sil_sterling"
"models/weapons/upgrades/w_standard_ak74.mdl","w_standard_ak74"
"models/weapons/upgrades/w_standard_akm.mdl","w_standard_akm"
"models/weapons/upgrades/w_standard_aks74u.mdl","w_standard_aks74u"
"models/weapons/upgrades/w_standard_m1a1.mdl","w_standard_m1a1"
"models/weapons/upgrades/w_standard_sterling.mdl","w_standard_sterling"
"models/weapons/usp/a_magazine_usp_15.mdl","a_magazine_usp_15"
"models/weapons/usp/a_magazine_usp_standard.mdl","a_magazine_usp_standard"
"models/weapons/usp/a_match.mdl","a_match"
"models/weapons/usp/a_uspbarrel.mdl","a_uspbarrel"
"models/weapons/usp/v_usp.mdl","v_usp"
"models/weapons/usp/w_extuspmag.mdl","w_extuspmag"
"models/weapons/usp/w_match.mdl","w_match"
"models/weapons/usp/w_usp.mdl","w_usp"
"models/weapons/usp/w_uspmag.mdl","w_uspmag"
"models/weapons/xm8/v_xm8.mdl","v_xm8"
"models/weapons/xm8/w_xm8.mdl","w_xm8"
"models/breach_animations/luke/anim_awdos.mdl","anim_awdos"
"models/breach_animations/luke/anim_doos.mdl","anim_doos"
"models/cultist/heads/male/male_head_halloween.mdl","male_head_halloween"
"models/cultist/humans/chaos/scanning.mdl","scanning"
"models/cultist/humans/dz/dz_fat.mdl","dz_fat"
"models/cultist/humans/fbi/fbi_agent_new.mdl","fbi_agent_new"
"models/cultist/humans/fbi/fbi_woman.mdl","fbi_woman"
"models/cultist/humans/mtf/headsite.mdl","headsite"
"models/cultist/scp/c_arms_912.mdl","c_arms_912"
"models/cultist/scp/scp_912.mdl","scp_912"
"models/player/ani_am4/add_mmd/anim_f_07.mdl","anim_f_07"
"models/player/ani_am4/add_mmd/anim_f_08.mdl","anim_f_08"
"models/player/ani_am4/add_mmd/anim_m_07.mdl","anim_m_07"
"models/player/ani_am4/add_mmd/anim_m_08.mdl","anim_m_08"
"models/weapons/v_csgo_tactical.mdl","v_csgo_tactical"
"models/weapons/w_csgo_tactical.mdl","w_csgo_tactical"
"models/cultist/humans/chaos/chaos_vdv_radier.mdl","chaos_vdv_radier"
"models/cultist/humans/n7/nu7.mdl","nu7"
"models/cultist/humans/n7/head_gear/nu7_helmet_1.mdl","nu7_helmet_1"
"models/cultist/humans/n7/head_gear/nu7_helmet_2.mdl","nu7_helmet_2"
"models/cultist/humans/n7/head_gear/nu7_helmet_4.mdl","nu7_helmet_4"
"models/cultist/humans/n7/head_gear/nu7_helmet_beret.mdl","nu7_helmet_beret"
"models/cultist/humans/n7/head_gear/nu7_helmet_cap.mdl","nu7_helmet_cap"
"models/cultist/humans/scp/scp527.mdl","scp527"
"models/cwkkdoi/w_m1a1para.mdl","w_m1a1para"
"models/cwkkdoi/upgrades/a_iron_m1a1_l.mdl","a_iron_m1a1_l"
"models/cwkkdoi/upgrades/a_iron_m1a1_s.mdl","a_iron_m1a1_s"
"models/cwkkdoi/upgrades/a_m1a1_bayonet.mdl","a_m1a1_bayonet"
"models/cwkkdoi/upgrades/a_magazine_m1a1_15.mdl","a_magazine_m1a1_15"
"models/cwkkdoi/upgrades/a_magazine_m1a1_30.mdl","a_magazine_m1a1_30"
"models/cwkkdoi/upgrades/a_sling_m1a1para.mdl","a_sling_m1a1para"
"models/cwkkdoi/upgrades/a_sling_m1carbine.mdl","a_sling_m1carbine"
"models/cwkkdoi/upgrades/w_bayonet_m1a1.mdl","w_bayonet_m1a1"
"models/cwkkdoi/upgrades/w_iron_m1a1_l.mdl","w_iron_m1a1_l"
"models/cwkkdoi/upgrades/w_iron_m1a1_s.mdl","w_iron_m1a1_s"
"models/cwkkdoi/upgrades/w_magazine_m1a1_15.mdl","w_magazine_m1a1_15"
"models/cwkkdoi/upgrades/w_magazine_m1a1_30.mdl","w_magazine_m1a1_30"
"models/weapons/v_mg34.mdl","v_mg34"
"models/weapons/v_mg42.mdl","v_mg42"
"models/weapons/v_stg44.mdl","v_stg44"
"models/weapons/w_mg34.mdl","w_mg34"
"models/weapons/w_mg42.mdl","w_mg42"
"models/weapons/w_stg44.mdl","w_stg44"
"models/weapons/british/v_webley.mdl","v_webley"
"models/weapons/cw_kk_doi/v_bar.mdl","v_bar"
"models/weapons/cw_kk_doi/v_bazooka.mdl","v_bazooka"
"models/weapons/cw_kk_doi/v_binoculars_american.mdl","v_binoculars_american"
"models/weapons/cw_kk_doi/v_binoculars_british.mdl","v_binoculars_british"
"models/weapons/cw_kk_doi/v_binoculars_german.mdl","v_binoculars_german"
"models/weapons/cw_kk_doi/v_bren.mdl","v_bren"
"models/weapons/cw_kk_doi/v_browninghp.mdl","v_browninghp"
"models/weapons/cw_kk_doi/v_c96.mdl","v_c96"
"models/weapons/cw_kk_doi/v_c96_carbine.mdl","v_c96_carbine"
"models/weapons/cw_kk_doi/v_compb_allied.mdl","v_compb_allied"
"models/weapons/cw_kk_doi/v_compb_axis.mdl","v_compb_axis"
"models/weapons/cw_kk_doi/v_enfield.mdl","v_enfield"
"models/weapons/cw_kk_doi/v_enfield_bayonet.mdl","v_enfield_bayonet"
"models/weapons/cw_kk_doi/v_enfield_oldgl.mdl","v_enfield_oldgl"
"models/weapons/cw_kk_doi/v_fg42.mdl","v_fg42"
"models/weapons/cw_kk_doi/v_flame_eintoss46.mdl","v_flame_eintoss46"
"models/weapons/cw_kk_doi/v_flame_lifebuoy.mdl","v_flame_lifebuoy"
"models/weapons/cw_kk_doi/v_flame_mk2.mdl","v_flame_mk2"
"models/weapons/cw_kk_doi/v_flame_werfer41.mdl","v_flame_werfer41"
"models/weapons/cw_kk_doi/v_g43.mdl","v_g43"
"models/weapons/cw_kk_doi/v_garand.mdl","v_garand"
"models/weapons/cw_kk_doi/v_garand_bayonet.mdl","v_garand_bayonet"
"models/weapons/cw_kk_doi/v_ithaca.mdl","v_ithaca"
"models/weapons/cw_kk_doi/v_k98kbayonet.mdl","v_k98kbayonet"
"models/weapons/cw_kk_doi/v_kar98k.mdl","v_kar98k"
"models/weapons/cw_kk_doi/v_kar98k_oldgl.mdl","v_kar98k_oldgl"
"models/weapons/cw_kk_doi/v_lewis.mdl","v_lewis"
"models/weapons/cw_kk_doi/v_lugerp08.mdl","v_lugerp08"
"models/weapons/cw_kk_doi/v_m18.mdl","v_m18"
"models/weapons/cw_kk_doi/v_m1911.mdl","v_m1911"
"models/weapons/cw_kk_doi/v_m1919.mdl","v_m1919"
"models/weapons/cw_kk_doi/v_m1a1.mdl","v_m1a1"
"models/weapons/cw_kk_doi/v_m1a1para.mdl","v_m1a1para"
"models/weapons/cw_kk_doi/v_m3greasegun.mdl","v_m3greasegun"
"models/weapons/cw_kk_doi/v_marinebayonet.mdl","v_marinebayonet"
"models/weapons/cw_kk_doi/v_mg34.mdl","v_mg34"
"models/weapons/cw_kk_doi/v_mg42.mdl","v_mg42"
"models/weapons/cw_kk_doi/v_mills.mdl","v_mills"
"models/weapons/cw_kk_doi/v_mk2.mdl","v_mk2"
"models/weapons/cw_kk_doi/v_mp40.mdl","v_mp40"
"models/weapons/cw_kk_doi/v_nebelhandgranate.mdl","v_nebelhandgranate"
"models/weapons/cw_kk_doi/v_no69.mdl","v_no69"
"models/weapons/cw_kk_doi/v_no77.mdl","v_no77"
"models/weapons/cw_kk_doi/v_no79.mdl","v_no79"
"models/weapons/cw_kk_doi/v_owen.mdl","v_owen"
"models/weapons/cw_kk_doi/v_p38.mdl","v_p38"
"models/weapons/cw_kk_doi/v_panzerfaust.mdl","v_panzerfaust"
"models/weapons/cw_kk_doi/v_panzerschreck.mdl","v_panzerschreck"
"models/weapons/cw_kk_doi/v_piat.mdl","v_piat"
"models/weapons/cw_kk_doi/v_ppk.mdl","v_ppk"
"models/weapons/cw_kk_doi/v_splintering_stielhandgranate.mdl","v_splintering_stielhandgranate"
"models/weapons/cw_kk_doi/v_springfield.mdl","v_springfield"
"models/weapons/cw_kk_doi/v_sten_mk2.mdl","v_sten_mk2"
"models/weapons/cw_kk_doi/v_sten_mk5.mdl","v_sten_mk5"
"models/weapons/cw_kk_doi/v_stg44.mdl","v_stg44"
"models/weapons/cw_kk_doi/v_stielhandgranate.mdl","v_stielhandgranate"
"models/weapons/cw_kk_doi/v_sw1917.mdl","v_sw1917"
"models/weapons/cw_kk_doi/v_thompson.mdl","v_thompson"
"models/weapons/cw_kk_doi/v_thompson_m1a1.mdl","v_thompson_m1a1"
"models/weapons/cw_kk_doi/v_vickers.mdl","v_vickers"
"models/weapons/cw_kk_doi/v_webley.mdl","v_webley"
"models/weapons/cw_kk_doi/v_welrod.mdl","v_welrod"
"models/weapons/kk_doi/v_brassknuckles.mdl","v_brassknuckles"
"models/weapons/kk_doi/v_etool_brit.mdl","v_etool_brit"
"models/weapons/kk_doi/v_etool_ger.mdl","v_etool_ger"
"models/weapons/kk_doi/v_etool_us.mdl","v_etool_us"
"models/weapons/kk_doi/v_lewis.mdl","v_lewis"
"models/weapons/kk_doi/v_m3greasegun.mdl","v_m3greasegun"
"models/weapons/kk_doi/w_marinebayonet.mdl","w_marinebayonet"
"models/weapons/shells/12guage.mdl","12guage"
"models/weapons/shells/30-06_link.mdl","30-06_link"
"models/weapons/shells/40mm.mdl","40mm"
"models/weapons/shells/45apc.mdl","45apc"
"models/weapons/shells/545x39.mdl","545x39"
"models/weapons/shells/556x45.mdl","556x45"
"models/weapons/shells/556x45_link.mdl","556x45_link"
"models/weapons/shells/762x33.mdl","762x33"
"models/weapons/shells/762x39.mdl","762x39"
"models/weapons/shells/762x51.mdl","762x51"
"models/weapons/shells/762x54.mdl","762x54"
"models/weapons/shells/9x19.mdl","9x19"
"models/weapons/shells/artillery_shell.mdl","artillery_shell"
"models/weapons/shells/garand_clip.mdl","garand_clip"
"models/weapons/upgrades/a_barrel_c96_long.mdl","a_barrel_c96_long"
"models/weapons/upgrades/a_barrel_c96_short.mdl","a_barrel_c96_short"
"models/weapons/upgrades/a_bayonet.mdl","a_bayonet"
"models/weapons/upgrades/a_bipod_bar.mdl","a_bipod_bar"
"models/weapons/upgrades/a_bolt_springfield.mdl","a_bolt_springfield"
"models/weapons/upgrades/a_bolt_springfield_ext.mdl","a_bolt_springfield_ext"
"models/weapons/upgrades/a_clips_sw1917.mdl","a_clips_sw1917"
"models/weapons/upgrades/a_clothwrap_enfield.mdl","a_clothwrap_enfield"
"models/weapons/upgrades/a_clothwrap_g43.mdl","a_clothwrap_g43"
"models/weapons/upgrades/a_clothwrap_garand.mdl","a_clothwrap_garand"
"models/weapons/upgrades/a_clothwrap_kar98k.mdl","a_clothwrap_kar98k"
"models/weapons/upgrades/a_clothwrap_springfield.mdl","a_clothwrap_springfield"
"models/weapons/upgrades/a_compensator_browninghp.mdl","a_compensator_browninghp"
"models/weapons/upgrades/a_enfield_bayonet.mdl","a_enfield_bayonet"
"models/weapons/upgrades/a_enfield_bayonet_spike.mdl","a_enfield_bayonet_spike"
"models/weapons/upgrades/a_enfield_gl.mdl","a_enfield_gl"
"models/weapons/upgrades/a_enfield_stripper_clip.mdl","a_enfield_stripper_clip"
"models/weapons/upgrades/a_fg42_bayonet.mdl","a_fg42_bayonet"
"models/weapons/upgrades/a_fg42_bayonet_default.mdl","a_fg42_bayonet_default"
"models/weapons/upgrades/a_flash_hider_m3.mdl","a_flash_hider_m3"
"models/weapons/upgrades/a_garand_bayonet.mdl","a_garand_bayonet"
"models/weapons/upgrades/a_garand_gl.mdl","a_garand_gl"
"models/weapons/upgrades/a_iron_enfield.mdl","a_iron_enfield"
"models/weapons/upgrades/a_iron_fg42_default.mdl","a_iron_fg42_default"
"models/weapons/upgrades/a_iron_fg42_down.mdl","a_iron_fg42_down"
"models/weapons/upgrades/a_iron_garand_l.mdl","a_iron_garand_l"
"models/weapons/upgrades/a_iron_garand_s.mdl","a_iron_garand_s"
"models/weapons/upgrades/a_iron_ithaca.mdl","a_iron_ithaca"
"models/weapons/upgrades/a_iron_springfield.mdl","a_iron_springfield"
"models/weapons/upgrades/a_iron_thompson_l.mdl","a_iron_thompson_l"
"models/weapons/upgrades/a_iron_thompson_m1a1_1.mdl","a_iron_thompson_m1a1_1"
"models/weapons/upgrades/a_iron_thompson_m1a1_2.mdl","a_iron_thompson_m1a1_2"
"models/weapons/upgrades/a_iron_thompson_s.mdl","a_iron_thompson_s"
"models/weapons/upgrades/a_ithaca_bayonet.mdl","a_ithaca_bayonet"
"models/weapons/upgrades/a_kar98k_bayonet.mdl","a_kar98k_bayonet"
"models/weapons/upgrades/a_kar98k_gl.mdl","a_kar98k_gl"
"models/weapons/upgrades/a_kar98k_stripper_clip.mdl","a_kar98k_stripper_clip"
"models/weapons/upgrades/a_magazine_1911_15.mdl","a_magazine_1911_15"
"models/weapons/upgrades/a_magazine_1911_8.mdl","a_magazine_1911_8"
"models/weapons/upgrades/a_magazine_c96_20.mdl","a_magazine_c96_20"
"models/weapons/upgrades/a_magazine_c96_40.mdl","a_magazine_c96_40"
"models/weapons/upgrades/a_modkit_g43.mdl","a_modkit_g43"
"models/weapons/upgrades/a_modkit_mosin.mdl","a_modkit_mosin"
"models/weapons/upgrades/a_optic_enfield.mdl","a_optic_enfield"
"models/weapons/upgrades/a_optic_enfield_7x.mdl","a_optic_enfield_7x"
"models/weapons/upgrades/a_optic_fg42.mdl","a_optic_fg42"
"models/weapons/upgrades/a_optic_garand.mdl","a_optic_garand"
"models/weapons/upgrades/a_optic_kar98k.mdl","a_optic_kar98k"
"models/weapons/upgrades/a_optic_kar98k_4x.mdl","a_optic_kar98k_4x"
"models/weapons/upgrades/a_optic_kk_zf41.mdl","a_optic_kk_zf41"
"models/weapons/upgrades/a_optic_springfield.mdl","a_optic_springfield"
"models/weapons/upgrades/a_optic_springfield_7x.mdl","a_optic_springfield_7x"
"models/weapons/upgrades/a_optic_zf4.mdl","a_optic_zf4"
"models/weapons/upgrades/a_slide_alt_browninghp.mdl","a_slide_alt_browninghp"
"models/weapons/upgrades/a_slide_base_browninghp.mdl","a_slide_base_browninghp"
"models/weapons/upgrades/a_sling_bar.mdl","a_sling_bar"
"models/weapons/upgrades/a_sling_bren.mdl","a_sling_bren"
"models/weapons/upgrades/a_sling_c96.mdl","a_sling_c96"
"models/weapons/upgrades/a_sling_enfield.mdl","a_sling_enfield"
"models/weapons/upgrades/a_sling_fg42.mdl","a_sling_fg42"
"models/weapons/upgrades/a_sling_g43.mdl","a_sling_g43"
"models/weapons/upgrades/a_sling_garand.mdl","a_sling_garand"
"models/weapons/upgrades/a_sling_ithaca.mdl","a_sling_ithaca"
"models/weapons/upgrades/a_sling_k98.mdl","a_sling_k98"
"models/weapons/upgrades/a_sling_m3.mdl","a_sling_m3"
"models/weapons/upgrades/a_sling_mp40.mdl","a_sling_mp40"
"models/weapons/upgrades/a_sling_owen.mdl","a_sling_owen"
"models/weapons/upgrades/a_sling_springfield.mdl","a_sling_springfield"
"models/weapons/upgrades/a_sling_stenmk2.mdl","a_sling_stenmk2"
"models/weapons/upgrades/a_sling_stenmk5.mdl","a_sling_stenmk5"
"models/weapons/upgrades/a_sling_stg44.mdl","a_sling_stg44"
"models/weapons/upgrades/a_sling_thompson_m1a1.mdl","a_sling_thompson_m1a1"
"models/weapons/upgrades/a_speedloader_webley.mdl","a_speedloader_webley"
"models/weapons/upgrades/a_springfield_bayonet.mdl","a_springfield_bayonet"
"models/weapons/upgrades/a_springfield_gl.mdl","a_springfield_gl"
"models/weapons/upgrades/a_springfield_stripper_clip.mdl","a_springfield_stripper_clip"
"models/weapons/upgrades/a_standard_garand.mdl","a_standard_garand"
"models/weapons/upgrades/a_stenmk2_barrel_standard.mdl","a_stenmk2_barrel_standard"
"models/weapons/upgrades/a_stenmk2_silencer.mdl","a_stenmk2_silencer"
"models/weapons/upgrades/a_stenmk5_barrel_standard.mdl","a_stenmk5_barrel_standard"
"models/weapons/upgrades/a_stenmk5_foregrip.mdl","a_stenmk5_foregrip"
"models/weapons/upgrades/a_stenmk5_silencer.mdl","a_stenmk5_silencer"
"models/weapons/upgrades/a_sten_foregrip.mdl","a_sten_foregrip"
"models/weapons/upgrades/a_stock_browninghp.mdl","a_stock_browninghp"
"models/weapons/upgrades/a_stock_c96.mdl","a_stock_c96"
"models/weapons/upgrades/a_stock_collapsed_m3.mdl","a_stock_collapsed_m3"
"models/weapons/upgrades/a_stock_extended_m3.mdl","a_stock_extended_m3"
"models/weapons/upgrades/a_thompson_foregrip.mdl","a_thompson_foregrip"
"models/weapons/upgrades/a_thompson_mag_20.mdl","a_thompson_mag_20"
"models/weapons/upgrades/a_thompson_mag_30.mdl","a_thompson_mag_30"
"models/weapons/upgrades/a_thompson_mag_50.mdl","a_thompson_mag_50"
"models/weapons/upgrades/a_thompson_standard.mdl","a_thompson_standard"
"models/weapons/upgrades/a_warhead_bazooka_1.mdl","a_warhead_bazooka_1"
"models/weapons/upgrades/a_warhead_bazooka_2.mdl","a_warhead_bazooka_2"
"models/weapons/upgrades/w_barrel_standard_mk2.mdl","w_barrel_standard_mk2"
"models/weapons/upgrades/w_barrel_standard_mk5.mdl","w_barrel_standard_mk5"
"models/weapons/upgrades/w_bayonet.mdl","w_bayonet"
"models/weapons/upgrades/w_bipod_bar.mdl","w_bipod_bar"
"models/weapons/upgrades/w_c96carbine_mag_20.mdl","w_c96carbine_mag_20"
"models/weapons/upgrades/w_c96carbine_mag_40.mdl","w_c96carbine_mag_40"
"models/weapons/upgrades/w_clothwrap_enfield.mdl","w_clothwrap_enfield"
"models/weapons/upgrades/w_clothwrap_g43.mdl","w_clothwrap_g43"
"models/weapons/upgrades/w_clothwrap_garand.mdl","w_clothwrap_garand"
"models/weapons/upgrades/w_clothwrap_kar98k.mdl","w_clothwrap_kar98k"
"models/weapons/upgrades/w_clothwrap_springfield.mdl","w_clothwrap_springfield"
"models/weapons/upgrades/w_enfield_bayonet.mdl","w_enfield_bayonet"
"models/weapons/upgrades/w_enfield_bayonet_spike.mdl","w_enfield_bayonet_spike"
"models/weapons/upgrades/w_enfield_gl.mdl","w_enfield_gl"
"models/weapons/upgrades/w_fg42_bayonet_default.mdl","w_fg42_bayonet_default"
"models/weapons/upgrades/w_fg42_bayonet_deployed.mdl","w_fg42_bayonet_deployed"
"models/weapons/upgrades/w_fg42_irons.mdl","w_fg42_irons"
"models/weapons/upgrades/w_fg42_scope.mdl","w_fg42_scope"
"models/weapons/upgrades/w_garand_bayonet.mdl","w_garand_bayonet"
"models/weapons/upgrades/w_grenade_enfield.mdl","w_grenade_enfield"
"models/weapons/upgrades/w_grenade_kar98k.mdl","w_grenade_kar98k"
"models/weapons/upgrades/w_grenade_springfield.mdl","w_grenade_springfield"
"models/weapons/upgrades/w_iron_springfield.mdl","w_iron_springfield"
"models/weapons/upgrades/w_ithaca_bayonet.mdl","w_ithaca_bayonet"
"models/weapons/upgrades/w_kar98k_bayonet.mdl","w_kar98k_bayonet"
"models/weapons/upgrades/w_magazine_1911_15.mdl","w_magazine_1911_15"
"models/weapons/upgrades/w_magazine_1911_8.mdl","w_magazine_1911_8"
"models/weapons/upgrades/w_modkit_4.mdl","w_modkit_4"
"models/weapons/upgrades/w_modkit_mosin.mdl","w_modkit_mosin"
"models/weapons/upgrades/w_optic_enfield.mdl","w_optic_enfield"
"models/weapons/upgrades/w_optic_kar98k.mdl","w_optic_kar98k"
"models/weapons/upgrades/w_optic_springfield.mdl","w_optic_springfield"
"models/weapons/upgrades/w_scope_g43.mdl","w_scope_g43"
"models/weapons/upgrades/w_scope_garand.mdl","w_scope_garand"
"models/weapons/upgrades/w_scope_mosin.mdl","w_scope_mosin"
"models/weapons/upgrades/w_silencer_sten.mdl","w_silencer_sten"
"models/weapons/upgrades/w_springfield_gl.mdl","w_springfield_gl"
"models/weapons/upgrades/w_thompson_foregrip.mdl","w_thompson_foregrip"
"models/weapons/upgrades/w_thompson_mag_20.mdl","w_thompson_mag_20"
"models/weapons/upgrades/w_thompson_mag_30.mdl","w_thompson_mag_30"
"models/weapons/upgrades/w_thompson_mag_50.mdl","w_thompson_mag_50"
"models/weapons/upgrades/w_thompson_standard.mdl","w_thompson_standard"
"models/f_anm.mdl","f_anm"
"models/m_anm.mdl","m_anm"
"models/cultist/humans/class_d/class_d_goc.mdl","class_d_goc"
"models/cultist/humans/cotskb/cotskb.mdl","cotskb"
"models/cultist/humans/cotskb/shangxiao.mdl","shangxiao"
"models/cultist/humans/fbi/fbi_saomiao.mdl","fbi_saomiao"
"models/cultist/humans/fbi/fbi_zhongzhuang.mdl","fbi_zhongzhuang"
"models/cultist/humans/goc/goc_spy_new.mdl","goc_spy_new"
"models/cultist/humans/gru/gru.mdl","gru"
"models/cultist/humans/gru/gruu.mdl","gruu"
"models/cultist/humans/gru/gru_aefa.mdl","gru_aefa"
"models/cultist/humans/gru/gru_bzd.mdl","gru_bzd"
"models/cultist/humans/gru/gru_bzd_bzd.mdl","gru_bzd_bzd"
"models/cultist/humans/gru/gru_sbing.mdl","gru_sbing"
"models/cultist/humans/gru/gru_zhengwei.mdl","gru_zhengwei"
"models/cultist/humans/gru/gru_zzhuang.mdl","gru_zzhuang"
"models/cultist/humans/gru/hands/c_arms_russians.mdl","c_arms_russians"
"models/cultist/humans/n77/special_66.mdl","special_66"
"models/cultist/humans/n77/special_67.mdl","special_67"
"models/cultist/humans/ntf/ntf_gongchengshi.mdl","ntf_gongchengshi"
"models/cultist/humans/ntf/ntf_yiliaobing.mdl","ntf_yiliaobing"
"models/cultist/humans/sci/scientist_goc.mdl","scientist_goc"
"models/cultist/items/nightvision/bonemerge_nvg_forface_new.mdl","bonemerge_nvg_forface_new"
"models/cultist/items/nightvision/w_nvg_forface_new.mdl","w_nvg_forface_new"
"models/player/ani_am4/add_fortnite/anim_f_01.mdl","anim_f_01"
"models/player/ani_am4/add_fortnite/anim_m_01.mdl","anim_m_01"
"models/player/ani_am4/add_mmd/anim_f_01.mdl","anim_f_01"
"models/player/ani_am4/add_mmd/anim_f_02.mdl","anim_f_02"
"models/player/ani_am4/add_mmd/anim_f_03.mdl","anim_f_03"
"models/player/ani_am4/add_mmd/anim_f_04.mdl","anim_f_04"
"models/player/ani_am4/add_mmd/anim_f_05.mdl","anim_f_05"
"models/player/ani_am4/add_mmd/anim_f_06.mdl","anim_f_06"
"models/player/ani_am4/add_mmd/anim_f_07.mdl","anim_f_07"
"models/player/ani_am4/add_mmd/anim_f_08.mdl","anim_f_08"
"models/player/ani_am4/add_mmd/anim_f_09.mdl","anim_f_09"
"models/player/ani_am4/add_mmd/anim_f_10.mdl","anim_f_10"
"models/player/ani_am4/add_mmd/anim_m_01.mdl","anim_m_01"
"models/player/ani_am4/add_mmd/anim_m_02.mdl","anim_m_02"
"models/player/ani_am4/add_mmd/anim_m_03.mdl","anim_m_03"
"models/player/ani_am4/add_mmd/anim_m_04.mdl","anim_m_04"
"models/player/ani_am4/add_mmd/anim_m_05.mdl","anim_m_05"
"models/player/ani_am4/add_mmd/anim_m_06.mdl","anim_m_06"
"models/player/ani_am4/add_mmd/anim_m_07.mdl","anim_m_07"
"models/player/ani_am4/add_mmd/anim_m_08.mdl","anim_m_08"
"models/player/ani_am4/add_mmd/anim_m_09.mdl","anim_m_09"
"models/player/ani_am4/add_mmd/anim_m_10.mdl","anim_m_10"
"models/player/ani_am4/add_pubg/anim_f_01.mdl","anim_f_01"
"models/player/ani_am4/add_pubg/anim_m_01.mdl","anim_m_01"
"models/player/ani_am4/add_taunt/anim_f_01.mdl","anim_f_01"
"models/player/ani_am4/add_taunt/anim_f_02.mdl","anim_f_02"
"models/player/ani_am4/add_taunt/anim_m_01.mdl","anim_m_01"
"models/player/ani_am4/add_taunt/anim_m_02.mdl","anim_m_02"
"models/player/custom_taunt/fortnite1.mdl","fortnite1"
"models/player/custom_taunt/fortnite2.mdl","fortnite2"
"models/player/custom_taunt/fortnite3.mdl","fortnite3"
"models/player/custom_taunt/fulldance1.mdl","fulldance1"
"models/player/custom_taunt/fulldance2.mdl","fulldance2"
"models/player/custom_taunt/fulldance3.mdl","fulldance3"
"models/player/custom_taunt/fulldance4.mdl","fulldance4"
"models/player/custom_taunt/fulldance5.mdl","fulldance5"
"models/player/custom_taunt/fulldance6.mdl","fulldance6"
"models/player/custom_taunt/fulldance7.mdl","fulldance7"
"models/player/custom_taunt/fulldance8.mdl","fulldance8"
"models/player/custom_taunt/fulldance9.mdl","fulldance9"
"models/player/custom_taunt/mmd1.mdl","mmd1"
"models/player/wiltos/anim_extension_ctaunt.mdl","anim_extension_ctaunt"
"models/player/wiltos/anim_extension_mod13.mdl","anim_extension_mod13"
"models/player/wiltos/anim_extension_prone.mdl","anim_extension_prone"
"models/player_breach/anim_phalanx.mdl","anim_phalanx"
"models/scp_035_real/scp_035_real.mdl","scp_035_real"
"models/weapons/v_fnmm.mdl","v_fnmm"
"models/weapons/w_fnmm.mdl","w_fnmm"
"models/weapons/ethereal/v_abakan.mdl","v_abakan"
"models/weapons/ethereal/v_k2.mdl","v_k2"
"models/weapons/ethereal/v_lr300.mdl","v_lr300"
"models/weapons/ethereal/v_lr300_anim.mdl","v_lr300_anim"
"models/weapons/ethereal/w_abakan.mdl","w_abakan"
"models/weapons/ethereal/w_k2.mdl","w_k2"
"models/weapons/ethereal/w_lr300.mdl","w_lr300"
"models/weapons/horizon/v_csgo_ursus.mdl","v_csgo_ursus"
"models/weapons/horizon/w_csgo_ursus.mdl","w_csgo_ursus"
"models/weapons/scp_035_real/v_scp_035.mdl","v_scp_035"
"models/flamingoscp/alpha1507.mdl","alpha1507"
"models/cultist/humans/goc/(doom)uac.mdl","(doom)uac"
"models/cultist/humans/goc/goc_new.mdl","goc_new"
"models/cultist/humans/goc/goc_spy.mdl","goc_spy"
"models/cultist/humans/goc/goc_spy_2.mdl","goc_spy_2"
"models/cultist/humans/goc/uac1_arm.mdl","uac1_arm"
"models/cultist/humans/sci/sci_maynard.mdl","sci_maynard"
"models/weapons/charming_discussion/vm_goose.mdl","vm_goose"
"models/weapons/charming_discussion/wm_goose.mdl","wm_goose"
"models/cultist/humans/eta10/eta10.mdl","eta10"
"models/cultist/humans/eta10/item/eta10_sar.mdl","eta10_sar"
"models/slusher/tablet/c_tablet.mdl","c_tablet"
"models/slusher/tablet/w_tablet.mdl","w_tablet"
"models/cultist/humans/eos_ettra/eos_ettra_com.mdl","eos_ettra_com"
"models/cultist/humans/eos_ettra/eos_ettra_soldier.mdl","eos_ettra_soldier"
"models/cultist/humans/eos_ettra/eos_ettra_specialist.mdl","eos_ettra_specialist"
"models/cultist/humans/eos_ettra/eos_ettra_zhuangzhuang.mdl","eos_ettra_zhuangzhuang"
"models/cultist/humans/mcd_ash/mcd_ash.mdl","mcd_ash"
"models/cultist/humans/beta7/beta_7.mdl","beta_7"
"models/codmw2022/explosives&devices/briefcasebomb.mdl","briefcasebomb"
"models/codmw2022/explosives&devices/bunkerbuster.mdl","bunkerbuster"
"models/codmw2022/explosives&devices/c4.mdl","c4"
"models/codmw2022/explosives&devices/claymore.mdl","claymore"
"models/codmw2022/explosives&devices/deadsilence.mdl","deadsilence"
"models/codmw2022/explosives&devices/decoymine.mdl","decoymine"
"models/codmw2022/explosives&devices/emp.mdl","emp"
"models/codmw2022/explosives&devices/nebulizer.mdl","nebulizer"
"models/codmw2022/explosives&devices/proximitymine.mdl","proximitymine"
"models/codmw2022/explosives&devices/shockstick.mdl","shockstick"
"models/codmw2022/explosives&devices/sonarpulse.mdl","sonarpulse"
"models/codmw2022/explosives&devices/soundveil.mdl","soundveil"
"models/codmw2022/explosives&devices/spotterscope.mdl","spotterscope"
"models/codmw2022/explosives&devices/stimpistol.mdl","stimpistol"
"models/codmw2022/explosives&devices/stimshot.mdl","stimshot"
"models/codmw2022/explosives&devices/tablet.mdl","tablet"
"models/codmw2022/explosives&devices/tacticalcamera.mdl","tacticalcamera"
"models/codmw2022/explosives&devices/tacticalinsertflare.mdl","tacticalinsertflare"
"models/codmw2022/explosives&devices/trophysystem.mdl","trophysystem"
"models/codmw2022/other/armorbox.mdl","armorbox"
"models/helldiver_stratagems/emplacements/shield_generator_relay/energy_shield.mdl","energy_shield"
"models/helldiver_stratagems/hellbomb/hellbomb.mdl","hellbomb"
"models/jackjack/props/circle1.mdl","circle1"
"models/jackjack/props/circle2.mdl","circle2"
"models/jackjack/props/circle3.mdl","circle3"
"models/jackjack/props/circle4.mdl","circle4"
"models/jackjack/props/circle5.mdl","circle5"
"models/jackjack/props/fullsphere.mdl","fullsphere"
"models/jackjack/props/shieldgen.mdl","shieldgen"
"models/jackjack/props/shieldgen_rekt.mdl","shieldgen_rekt"
"models/props_questionableethics/qe_gas_cylinder.mdl","qe_gas_cylinder"
"models/weapons/c_flamethr0wer.mdl","c_flamethr0wer"
"models/weapons/c_flamethr0wer2.mdl","c_flamethr0wer2"
"models/weapons/v_flamethr0wer.mdl","v_flamethr0wer"
"models/weapons/w_fire_pack.mdl","w_fire_pack"
"models/weapons/w_flamethr0wer.mdl","w_flamethr0wer"
"models/cultist/npc_scp/1499-1.mdl","1499-1"
"models/cultist/npc_scp/303.mdl","303"
"models/cultist/npc_scp/939.mdl","939"
"models/cultist/scp/079.mdl","079"
"models/cultist/scp/1015ru.mdl","1015ru"
"models/cultist/scp/1015ru_hands.mdl","1015ru_hands"
"models/cultist/scp/173.mdl","173"
"models/cultist/scp/c_arms_062fr.mdl","c_arms_062fr"
"models/cultist/scp/c_arms_912.mdl","c_arms_912"
"models/cultist/scp/scarlet_king.mdl","scarlet_king"
"models/cultist/scp/scarlet_king_shaky.mdl","scarlet_king_shaky"
"models/cultist/scp/scp_029.mdl","scp_029"
"models/cultist/scp/scp_035.mdl","scp_035"
"models/cultist/scp/scp_049.mdl","scp_049"
"models/cultist/scp/scp_049_2.mdl","scp_049_2"
"models/cultist/scp/scp_049_2_hands.mdl","scp_049_2_hands"
"models/cultist/scp/scp_058.mdl","scp_058"
"models/cultist/scp/scp_062de.mdl","scp_062de"
"models/cultist/scp/scp_062de_arms.mdl","scp_062de_arms"
"models/cultist/scp/scp_062de_new.mdl","scp_062de_new"
"models/cultist/scp/scp_062fr.mdl","scp_062fr"
"models/cultist/scp/scp_062fr_new.mdl","scp_062fr_new"
"models/cultist/scp/scp_076.mdl","scp_076"
"models/cultist/scp/scp_076_arms.mdl","scp_076_arms"
"models/cultist/scp/scp_082.mdl","scp_082"
"models/cultist/scp/scp_082_hands.mdl","scp_082_hands"
"models/cultist/scp/scp_096.mdl","scp_096"
"models/cultist/scp/scp_1027ru.mdl","scp_1027ru"
"models/cultist/scp/scp_1048-a.mdl","scp_1048-a"
"models/cultist/scp/scp_1048.mdl","scp_1048"
"models/cultist/scp/scp_106.mdl","scp_106"
"models/cultist/scp/scp_1471.mdl","scp_1471"
"models/cultist/scp/scp_1903.mdl","scp_1903"
"models/cultist/scp/scp_239.mdl","scp_239"
"models/cultist/scp/scp_457.mdl","scp_457"
"models/cultist/scp/scp_542.mdl","scp_542"
"models/cultist/scp/scp_682.mdl","scp_682"
"models/cultist/scp/scp_811.mdl","scp_811"
"models/cultist/scp/scp_847.mdl","scp_847"
"models/cultist/scp/scp_860.mdl","scp_860"
"models/cultist/scp/scp_912.mdl","scp_912"
"models/cultist/scp/scp_939.mdl","scp_939"
"models/cultist/scp/scp_953.mdl","scp_953"
"models/cultist/scp/scp_966.mdl","scp_966"
"models/cultist/scp/scp_999.mdl","scp_999"
"models/cultist/scp/scp_999_new.mdl","scp_999_new"
"models/cultist/scp/scp_japan_fr.mdl","scp_japan_fr"
"models/cultist/scp/scp_no1.mdl","scp_no1"
"models/cultist/scp/610/610_main.mdl","610_main"
"models/cultist/scp/610/c_hands_infected.mdl","c_hands_infected"
"models/cultist/scp/610/c_hands_main.mdl","c_hands_main"
"models/cultist/scp/610/c_hands_tank.mdl","c_hands_tank"
"models/cultist/scp/610/egg.mdl","egg"
"models/cultist/scp/610/infected/610_infected.mdl","610_infected"
"models/cultist/scp/811/811_puke_mine.mdl","811_puke_mine"
"models/cultist/scp/scp2012/crossbow_bolt.mdl","crossbow_bolt"
"models/cultist/scp/scp2012/scp_2012.mdl","scp_2012"
"models/cultist/scp/scp2012/scp_2012_arms.mdl","scp_2012_arms"
"models/cultist/scp/scp2012/scp_shield.mdl","scp_shield"
"models/cultist/scp/scp2012/scp_sword.mdl","scp_sword"
"models/cultist/scp/scp2012/v_2h_sword.mdl","v_2h_sword"
"models/cultist/scp/scp2012/v_crossbow.mdl","v_crossbow"
"models/cultist/scp/scp2012/v_sword.mdl","v_sword"
"models/cultist/scp/scp2012/w_crossbow.mdl","w_crossbow"
"models/cultist/scp/scp638/scp_638.mdl","scp_638"
"models/cultist/scp/scp638/scp_638_anm.mdl","scp_638_anm"
"models/cultist/scp/scp_973/scp_973.mdl","scp_973"
"models/cultist/scp/scp_973/scp_973_hands.mdl","scp_973_hands"
"models/cultist/scp/scp_973/weapons/v_night_stick.mdl","v_night_stick"
"models/cultist/scp/scp_973/weapons/v_shotgun.mdl","v_shotgun"
"models/cultist/scp/scp_973/weapons/v_stun_batton.mdl","v_stun_batton"
"models/cultist/scp/scp_973/weapons/w_night_stick.mdl","w_night_stick"
"models/cultist/scp/scp_973/weapons/w_shotgun.mdl","w_shotgun"
"models/cultist/scp/scp_973/weapons/w_stun_batton.mdl","w_stun_batton"
"models/shaky/scp/scp2012/scp_2012.mdl","scp_2012"
"models/weapons/v_csgo_tactical.mdl","v_csgo_tactical"
"models/weapons/w_csgo_tactical.mdl","w_csgo_tactical"
"models/breach/items/ammocrate_full.mdl","ammocrate_full"
"models/chemers/cheemer.mdl","cheemer"
"models/chemers/v_cheemer.mdl","v_cheemer"
"models/codbo/other/autoturret.mdl","autoturret"
"models/comradealex/mgs5/hp-48/hp-48test.mdl","hp-48test"
"models/cultist/armory/armory.mdl","armory"
"models/cultist/armor_pickable/clothing.mdl","clothing"
"models/cultist/armor_pickable/heavy_armor.mdl","heavy_armor"
"models/cultist/armor_pickable/heavy_helmet.mdl","heavy_helmet"
"models/cultist/armor_pickable/light_armor.mdl","light_armor"
"models/cultist/armor_pickable/light_helmet.mdl","light_helmet"
"models/cultist/armor_pickable/bone_merge/heavy_armor.mdl","heavy_armor"
"models/cultist/armor_pickable/bone_merge/light_armor.mdl","light_armor"
"models/cultist/backpacks/bonemerge/backpack_big.mdl","backpack_big"
"models/cultist/backpacks/bonemerge/backpack_small.mdl","backpack_small"
"models/cultist/backpacks/world/backpack_big.mdl","backpack_big"
"models/cultist/backpacks/world/backpack_small.mdl","backpack_small"
"models/cultist/heads/female/female_head_1.mdl","female_head_1"
"models/cultist/heads/female/female_head_10.mdl","female_head_10"
"models/cultist/heads/female/female_head_11.mdl","female_head_11"
"models/cultist/heads/female/female_head_12.mdl","female_head_12"
"models/cultist/heads/female/female_head_13.mdl","female_head_13"
"models/cultist/heads/female/female_head_14.mdl","female_head_14"
"models/cultist/heads/female/female_head_15.mdl","female_head_15"
"models/cultist/heads/female/female_head_16.mdl","female_head_16"
"models/cultist/heads/female/female_head_17.mdl","female_head_17"
"models/cultist/heads/female/female_head_18.mdl","female_head_18"
"models/cultist/heads/female/female_head_19.mdl","female_head_19"
"models/cultist/heads/female/female_head_2.mdl","female_head_2"
"models/cultist/heads/female/female_head_20.mdl","female_head_20"
"models/cultist/heads/female/female_head_21.mdl","female_head_21"
"models/cultist/heads/female/female_head_22.mdl","female_head_22"
"models/cultist/heads/female/female_head_23.mdl","female_head_23"
"models/cultist/heads/female/female_head_24.mdl","female_head_24"
"models/cultist/heads/female/female_head_25.mdl","female_head_25"
"models/cultist/heads/female/female_head_26.mdl","female_head_26"
"models/cultist/heads/female/female_head_27.mdl","female_head_27"
"models/cultist/heads/female/female_head_28.mdl","female_head_28"
"models/cultist/heads/female/female_head_29.mdl","female_head_29"
"models/cultist/heads/female/female_head_3.mdl","female_head_3"
"models/cultist/heads/female/female_head_30.mdl","female_head_30"
"models/cultist/heads/female/female_head_31.mdl","female_head_31"
"models/cultist/heads/female/female_head_32.mdl","female_head_32"
"models/cultist/heads/female/female_head_33.mdl","female_head_33"
"models/cultist/heads/female/female_head_34.mdl","female_head_34"
"models/cultist/heads/female/female_head_35.mdl","female_head_35"
"models/cultist/heads/female/female_head_36.mdl","female_head_36"
"models/cultist/heads/female/female_head_37.mdl","female_head_37"
"models/cultist/heads/female/female_head_38.mdl","female_head_38"
"models/cultist/heads/female/female_head_39.mdl","female_head_39"
"models/cultist/heads/female/female_head_4.mdl","female_head_4"
"models/cultist/heads/female/female_head_40.mdl","female_head_40"
"models/cultist/heads/female/female_head_41.mdl","female_head_41"
"models/cultist/heads/female/female_head_42.mdl","female_head_42"
"models/cultist/heads/female/female_head_43.mdl","female_head_43"
"models/cultist/heads/female/female_head_44.mdl","female_head_44"
"models/cultist/heads/female/female_head_45.mdl","female_head_45"
"models/cultist/heads/female/female_head_46.mdl","female_head_46"
"models/cultist/heads/female/female_head_47.mdl","female_head_47"
"models/cultist/heads/female/female_head_48.mdl","female_head_48"
"models/cultist/heads/female/female_head_49.mdl","female_head_49"
"models/cultist/heads/female/female_head_5.mdl","female_head_5"
"models/cultist/heads/female/female_head_50.mdl","female_head_50"
"models/cultist/heads/female/female_head_51.mdl","female_head_51"
"models/cultist/heads/female/female_head_52.mdl","female_head_52"
"models/cultist/heads/female/female_head_6.mdl","female_head_6"
"models/cultist/heads/female/female_head_7.mdl","female_head_7"
"models/cultist/heads/female/female_head_8.mdl","female_head_8"
"models/cultist/heads/female/female_head_9.mdl","female_head_9"
"models/cultist/heads/female/hair/hair_2.mdl","hair_2"
"models/cultist/heads/female/hair/hair_3.mdl","hair_3"
"models/cultist/heads/female/hair/hair_4.mdl","hair_4"
"models/cultist/heads/female/hair/hair_5.mdl","hair_5"
"models/cultist/heads/female/hair/hair_6.mdl","hair_6"
"models/cultist/heads/female/hair/hair_cleaner.mdl","hair_cleaner"
"models/cultist/heads/male/male_head_1.mdl","male_head_1"
"models/cultist/heads/male/male_head_10.mdl","male_head_10"
"models/cultist/heads/male/male_head_100.mdl","male_head_100"
"models/cultist/heads/male/male_head_101.mdl","male_head_101"
"models/cultist/heads/male/male_head_102.mdl","male_head_102"
"models/cultist/heads/male/male_head_103.mdl","male_head_103"
"models/cultist/heads/male/male_head_104.mdl","male_head_104"
"models/cultist/heads/male/male_head_105.mdl","male_head_105"
"models/cultist/heads/male/male_head_106.mdl","male_head_106"
"models/cultist/heads/male/male_head_107.mdl","male_head_107"
"models/cultist/heads/male/male_head_108.mdl","male_head_108"
"models/cultist/heads/male/male_head_109.mdl","male_head_109"
"models/cultist/heads/male/male_head_11.mdl","male_head_11"
"models/cultist/heads/male/male_head_110.mdl","male_head_110"
"models/cultist/heads/male/male_head_111.mdl","male_head_111"
"models/cultist/heads/male/male_head_112.mdl","male_head_112"
"models/cultist/heads/male/male_head_113.mdl","male_head_113"
"models/cultist/heads/male/male_head_114.mdl","male_head_114"
"models/cultist/heads/male/male_head_115.mdl","male_head_115"
"models/cultist/heads/male/male_head_116.mdl","male_head_116"
"models/cultist/heads/male/male_head_117.mdl","male_head_117"
"models/cultist/heads/male/male_head_118.mdl","male_head_118"
"models/cultist/heads/male/male_head_119.mdl","male_head_119"
"models/cultist/heads/male/male_head_12.mdl","male_head_12"
"models/cultist/heads/male/male_head_120.mdl","male_head_120"
"models/cultist/heads/male/male_head_121.mdl","male_head_121"
"models/cultist/heads/male/male_head_122.mdl","male_head_122"
"models/cultist/heads/male/male_head_123.mdl","male_head_123"
"models/cultist/heads/male/male_head_124.mdl","male_head_124"
"models/cultist/heads/male/male_head_125.mdl","male_head_125"
"models/cultist/heads/male/male_head_126.mdl","male_head_126"
"models/cultist/heads/male/male_head_127.mdl","male_head_127"
"models/cultist/heads/male/male_head_128.mdl","male_head_128"
"models/cultist/heads/male/male_head_129.mdl","male_head_129"
"models/cultist/heads/male/male_head_13.mdl","male_head_13"
"models/cultist/heads/male/male_head_130.mdl","male_head_130"
"models/cultist/heads/male/male_head_131.mdl","male_head_131"
"models/cultist/heads/male/male_head_132.mdl","male_head_132"
"models/cultist/heads/male/male_head_133.mdl","male_head_133"
"models/cultist/heads/male/male_head_134.mdl","male_head_134"
"models/cultist/heads/male/male_head_135.mdl","male_head_135"
"models/cultist/heads/male/male_head_136.mdl","male_head_136"
"models/cultist/heads/male/male_head_137.mdl","male_head_137"
"models/cultist/heads/male/male_head_138.mdl","male_head_138"
"models/cultist/heads/male/male_head_139.mdl","male_head_139"
"models/cultist/heads/male/male_head_14.mdl","male_head_14"
"models/cultist/heads/male/male_head_140.mdl","male_head_140"
"models/cultist/heads/male/male_head_141.mdl","male_head_141"
"models/cultist/heads/male/male_head_142.mdl","male_head_142"
"models/cultist/heads/male/male_head_143.mdl","male_head_143"
"models/cultist/heads/male/male_head_144.mdl","male_head_144"
"models/cultist/heads/male/male_head_145.mdl","male_head_145"
"models/cultist/heads/male/male_head_146.mdl","male_head_146"
"models/cultist/heads/male/male_head_147.mdl","male_head_147"
"models/cultist/heads/male/male_head_148.mdl","male_head_148"
"models/cultist/heads/male/male_head_149.mdl","male_head_149"
"models/cultist/heads/male/male_head_15.mdl","male_head_15"
"models/cultist/heads/male/male_head_150.mdl","male_head_150"
"models/cultist/heads/male/male_head_151.mdl","male_head_151"
"models/cultist/heads/male/male_head_152.mdl","male_head_152"
"models/cultist/heads/male/male_head_153.mdl","male_head_153"
"models/cultist/heads/male/male_head_154.mdl","male_head_154"
"models/cultist/heads/male/male_head_155.mdl","male_head_155"
"models/cultist/heads/male/male_head_156.mdl","male_head_156"
"models/cultist/heads/male/male_head_157.mdl","male_head_157"
"models/cultist/heads/male/male_head_158.mdl","male_head_158"
"models/cultist/heads/male/male_head_159.mdl","male_head_159"
"models/cultist/heads/male/male_head_16.mdl","male_head_16"
"models/cultist/heads/male/male_head_160.mdl","male_head_160"
"models/cultist/heads/male/male_head_161.mdl","male_head_161"
"models/cultist/heads/male/male_head_162.mdl","male_head_162"
"models/cultist/heads/male/male_head_163.mdl","male_head_163"
"models/cultist/heads/male/male_head_164.mdl","male_head_164"
"models/cultist/heads/male/male_head_165.mdl","male_head_165"
"models/cultist/heads/male/male_head_166.mdl","male_head_166"
"models/cultist/heads/male/male_head_167.mdl","male_head_167"
"models/cultist/heads/male/male_head_168.mdl","male_head_168"
"models/cultist/heads/male/male_head_169.mdl","male_head_169"
"models/cultist/heads/male/male_head_17.mdl","male_head_17"
"models/cultist/heads/male/male_head_170.mdl","male_head_170"
"models/cultist/heads/male/male_head_171.mdl","male_head_171"
"models/cultist/heads/male/male_head_172.mdl","male_head_172"
"models/cultist/heads/male/male_head_173.mdl","male_head_173"
"models/cultist/heads/male/male_head_174.mdl","male_head_174"
"models/cultist/heads/male/male_head_175.mdl","male_head_175"
"models/cultist/heads/male/male_head_176.mdl","male_head_176"
"models/cultist/heads/male/male_head_177.mdl","male_head_177"
"models/cultist/heads/male/male_head_178.mdl","male_head_178"
"models/cultist/heads/male/male_head_179.mdl","male_head_179"
"models/cultist/heads/male/male_head_18.mdl","male_head_18"
"models/cultist/heads/male/male_head_180.mdl","male_head_180"
"models/cultist/heads/male/male_head_181.mdl","male_head_181"
"models/cultist/heads/male/male_head_182.mdl","male_head_182"
"models/cultist/heads/male/male_head_183.mdl","male_head_183"
"models/cultist/heads/male/male_head_184.mdl","male_head_184"
"models/cultist/heads/male/male_head_185.mdl","male_head_185"
"models/cultist/heads/male/male_head_186.mdl","male_head_186"
"models/cultist/heads/male/male_head_187.mdl","male_head_187"
"models/cultist/heads/male/male_head_188.mdl","male_head_188"
"models/cultist/heads/male/male_head_189.mdl","male_head_189"
"models/cultist/heads/male/male_head_19.mdl","male_head_19"
"models/cultist/heads/male/male_head_190.mdl","male_head_190"
"models/cultist/heads/male/male_head_191.mdl","male_head_191"
"models/cultist/heads/male/male_head_192.mdl","male_head_192"
"models/cultist/heads/male/male_head_193.mdl","male_head_193"
"models/cultist/heads/male/male_head_194.mdl","male_head_194"
"models/cultist/heads/male/male_head_195.mdl","male_head_195"
"models/cultist/heads/male/male_head_196.mdl","male_head_196"
"models/cultist/heads/male/male_head_197.mdl","male_head_197"
"models/cultist/heads/male/male_head_198.mdl","male_head_198"
"models/cultist/heads/male/male_head_199.mdl","male_head_199"
"models/cultist/heads/male/male_head_2.mdl","male_head_2"
"models/cultist/heads/male/male_head_20.mdl","male_head_20"
"models/cultist/heads/male/male_head_200.mdl","male_head_200"
"models/cultist/heads/male/male_head_201.mdl","male_head_201"
"models/cultist/heads/male/male_head_202.mdl","male_head_202"
"models/cultist/heads/male/male_head_203.mdl","male_head_203"
"models/cultist/heads/male/male_head_204.mdl","male_head_204"
"models/cultist/heads/male/male_head_205.mdl","male_head_205"
"models/cultist/heads/male/male_head_206.mdl","male_head_206"
"models/cultist/heads/male/male_head_207.mdl","male_head_207"
"models/cultist/heads/male/male_head_208.mdl","male_head_208"
"models/cultist/heads/male/male_head_209.mdl","male_head_209"
"models/cultist/heads/male/male_head_21.mdl","male_head_21"
"models/cultist/heads/male/male_head_210.mdl","male_head_210"
"models/cultist/heads/male/male_head_211.mdl","male_head_211"
"models/cultist/heads/male/male_head_212.mdl","male_head_212"
"models/cultist/heads/male/male_head_213.mdl","male_head_213"
"models/cultist/heads/male/male_head_214.mdl","male_head_214"
"models/cultist/heads/male/male_head_215.mdl","male_head_215"
"models/cultist/heads/male/male_head_22.mdl","male_head_22"
"models/cultist/heads/male/male_head_23.mdl","male_head_23"
"models/cultist/heads/male/male_head_24.mdl","male_head_24"
"models/cultist/heads/male/male_head_25.mdl","male_head_25"
"models/cultist/heads/male/male_head_26.mdl","male_head_26"
"models/cultist/heads/male/male_head_27.mdl","male_head_27"
"models/cultist/heads/male/male_head_28.mdl","male_head_28"
"models/cultist/heads/male/male_head_29.mdl","male_head_29"
"models/cultist/heads/male/male_head_3.mdl","male_head_3"
"models/cultist/heads/male/male_head_30.mdl","male_head_30"
"models/cultist/heads/male/male_head_31.mdl","male_head_31"
"models/cultist/heads/male/male_head_32.mdl","male_head_32"
"models/cultist/heads/male/male_head_33.mdl","male_head_33"
"models/cultist/heads/male/male_head_34.mdl","male_head_34"
"models/cultist/heads/male/male_head_35.mdl","male_head_35"
"models/cultist/heads/male/male_head_36.mdl","male_head_36"
"models/cultist/heads/male/male_head_37.mdl","male_head_37"
"models/cultist/heads/male/male_head_38.mdl","male_head_38"
"models/cultist/heads/male/male_head_39.mdl","male_head_39"
"models/cultist/heads/male/male_head_4.mdl","male_head_4"
"models/cultist/heads/male/male_head_40.mdl","male_head_40"
"models/cultist/heads/male/male_head_41.mdl","male_head_41"
"models/cultist/heads/male/male_head_42.mdl","male_head_42"
"models/cultist/heads/male/male_head_43.mdl","male_head_43"
"models/cultist/heads/male/male_head_44.mdl","male_head_44"
"models/cultist/heads/male/male_head_45.mdl","male_head_45"
"models/cultist/heads/male/male_head_46.mdl","male_head_46"
"models/cultist/heads/male/male_head_47.mdl","male_head_47"
"models/cultist/heads/male/male_head_48.mdl","male_head_48"
"models/cultist/heads/male/male_head_49.mdl","male_head_49"
"models/cultist/heads/male/male_head_5.mdl","male_head_5"
"models/cultist/heads/male/male_head_50.mdl","male_head_50"
"models/cultist/heads/male/male_head_51.mdl","male_head_51"
"models/cultist/heads/male/male_head_52.mdl","male_head_52"
"models/cultist/heads/male/male_head_53.mdl","male_head_53"
"models/cultist/heads/male/male_head_54.mdl","male_head_54"
"models/cultist/heads/male/male_head_55.mdl","male_head_55"
"models/cultist/heads/male/male_head_56.mdl","male_head_56"
"models/cultist/heads/male/male_head_57.mdl","male_head_57"
"models/cultist/heads/male/male_head_58.mdl","male_head_58"
"models/cultist/heads/male/male_head_59.mdl","male_head_59"
"models/cultist/heads/male/male_head_6.mdl","male_head_6"
"models/cultist/heads/male/male_head_60.mdl","male_head_60"
"models/cultist/heads/male/male_head_61.mdl","male_head_61"
"models/cultist/heads/male/male_head_62.mdl","male_head_62"
"models/cultist/heads/male/male_head_63.mdl","male_head_63"
"models/cultist/heads/male/male_head_64.mdl","male_head_64"
"models/cultist/heads/male/male_head_65.mdl","male_head_65"
"models/cultist/heads/male/male_head_66.mdl","male_head_66"
"models/cultist/heads/male/male_head_67.mdl","male_head_67"
"models/cultist/heads/male/male_head_68.mdl","male_head_68"
"models/cultist/heads/male/male_head_69.mdl","male_head_69"
"models/cultist/heads/male/male_head_7.mdl","male_head_7"
"models/cultist/heads/male/male_head_70.mdl","male_head_70"
"models/cultist/heads/male/male_head_71.mdl","male_head_71"
"models/cultist/heads/male/male_head_72.mdl","male_head_72"
"models/cultist/heads/male/male_head_73.mdl","male_head_73"
"models/cultist/heads/male/male_head_74.mdl","male_head_74"
"models/cultist/heads/male/male_head_75.mdl","male_head_75"
"models/cultist/heads/male/male_head_76.mdl","male_head_76"
"models/cultist/heads/male/male_head_77.mdl","male_head_77"
"models/cultist/heads/male/male_head_78.mdl","male_head_78"
"models/cultist/heads/male/male_head_79.mdl","male_head_79"
"models/cultist/heads/male/male_head_8.mdl","male_head_8"
"models/cultist/heads/male/male_head_80.mdl","male_head_80"
"models/cultist/heads/male/male_head_81.mdl","male_head_81"
"models/cultist/heads/male/male_head_82.mdl","male_head_82"
"models/cultist/heads/male/male_head_83.mdl","male_head_83"
"models/cultist/heads/male/male_head_84.mdl","male_head_84"
"models/cultist/heads/male/male_head_85.mdl","male_head_85"
"models/cultist/heads/male/male_head_86.mdl","male_head_86"
"models/cultist/heads/male/male_head_87.mdl","male_head_87"
"models/cultist/heads/male/male_head_88.mdl","male_head_88"
"models/cultist/heads/male/male_head_89.mdl","male_head_89"
"models/cultist/heads/male/male_head_9.mdl","male_head_9"
"models/cultist/heads/male/male_head_90.mdl","male_head_90"
"models/cultist/heads/male/male_head_91.mdl","male_head_91"
"models/cultist/heads/male/male_head_92.mdl","male_head_92"
"models/cultist/heads/male/male_head_93.mdl","male_head_93"
"models/cultist/heads/male/male_head_94.mdl","male_head_94"
"models/cultist/heads/male/male_head_95.mdl","male_head_95"
"models/cultist/heads/male/male_head_96.mdl","male_head_96"
"models/cultist/heads/male/male_head_97.mdl","male_head_97"
"models/cultist/heads/male/male_head_98.mdl","male_head_98"
"models/cultist/heads/male/male_head_99.mdl","male_head_99"
"models/cultist/heads/male/hair/hair_1.mdl","hair_1"
"models/cultist/heads/male/hair/hair_2.mdl","hair_2"
"models/cultist/heads/male/hair/hair_3.mdl","hair_3"
"models/cultist/heads/male/hair/hair_4.mdl","hair_4"
"models/cultist/humans/balaclavas_new/balaclava_full.mdl","balaclava_full"
"models/cultist/humans/balaclavas_new/balaclava_half.mdl","balaclava_half"
"models/cultist/humans/balaclavas_new/head_balaclava_month.mdl","head_balaclava_month"
"models/cultist/items/big_bag.mdl","big_bag"
"models/cultist/items/small_bag.mdl","small_bag"
"models/cultist/items/adrenalin/v_adrenaline.mdl","v_adrenaline"
"models/cultist/items/adrenalin/w_adrenaline.mdl","w_adrenaline"
"models/cultist/items/ammo_boxes/ammo_box.mdl","ammo_box"
"models/cultist/items/battery/battery.mdl","battery"
"models/cultist/items/blue_screwdriver/w_screwdriver.mdl","w_screwdriver"
"models/cultist/items/booster/v_syringe.mdl","v_syringe"
"models/cultist/items/booster/w_syringe.mdl","w_syringe"
"models/cultist/items/coffe/v_coffe.mdl","v_coffe"
"models/cultist/items/coffe/w_coffe.mdl","w_coffe"
"models/cultist/items/coin/coin.mdl","coin"
"models/cultist/items/danradio/c_radio.mdl","c_radio"
"models/cultist/items/danradio/w_radio.mdl","w_radio"
"models/cultist/items/defib/bonemerge_medic_difib.mdl","bonemerge_medic_difib"
"models/cultist/items/defib/defibrillator_item.mdl","defibrillator_item"
"models/cultist/items/defib/medic_difib.mdl","medic_difib"
"models/cultist/items/defib/v_defib.mdl","v_defib"
"models/cultist/items/defib/w_defib.mdl","w_defib"
"models/cultist/items/drinks/v_energy_drink.mdl","v_energy_drink"
"models/cultist/items/drinks/w_energy_drink.mdl","w_energy_drink"
"models/cultist/items/eyedrops/eyedrops.mdl","eyedrops"
"models/cultist/items/flashlight/bonemerge.mdl","bonemerge"
"models/cultist/items/flashlight/v_item_maglite.mdl","v_item_maglite"
"models/cultist/items/flashlight/w_item_maglite.mdl","w_item_maglite"
"models/cultist/items/hacker_crack/v_hacker_hack.mdl","v_hacker_hack"
"models/cultist/items/hacker_crack/w_hacker_hack.mdl","w_hacker_hack"
"models/cultist/items/hamburger/v_hamburger.mdl","v_hamburger"
"models/cultist/items/hamburger/w_hamburger.mdl","w_hamburger"
"models/cultist/items/hand_keycard/hand_keycard.mdl","hand_keycard"
"models/cultist/items/id_cards/id_card_guard.mdl","id_card_guard"
"models/cultist/items/id_cards/id_card_medic.mdl","id_card_medic"
"models/cultist/items/id_cards/id_card_sci.mdl","id_card_sci"
"models/cultist/items/id_cards/id_w_card_guard.mdl","id_w_card_guard"
"models/cultist/items/id_cards/id_w_card_medic.mdl","id_w_card_medic"
"models/cultist/items/id_cards/id_w_card_sci.mdl","id_w_card_sci"
"models/cultist/items/keycards/v_keycard.mdl","v_keycard"
"models/cultist/items/keycards/w_keycard.mdl","w_keycard"
"models/cultist/items/medkit/v_medkit.mdl","v_medkit"
"models/cultist/items/medkit/w_medkit.mdl","w_medkit"
"models/cultist/items/nightvision/bonemerge_nvg_forface.mdl","bonemerge_nvg_forface"
"models/cultist/items/nightvision/v_night_vision.mdl","v_night_vision"
"models/cultist/items/nightvision/w_nvg_forface.mdl","w_nvg_forface"
"models/cultist/items/painpills/v_painpills.mdl","v_painpills"
"models/cultist/items/painpills/w_painpills.mdl","w_painpills"
"models/cultist/items/snav/snav.mdl","snav"
"models/cultist/items/snav/v_snav.mdl","v_snav"
"models/cultist/items/taser/c_taser_small.mdl","c_taser_small"
"models/cultist/items/taser/v_pepperspray.mdl","v_pepperspray"
"models/cultist/items/taser/v_taserbig.mdl","v_taserbig"
"models/cultist/items/taser/w_pepperspray.mdl","w_pepperspray"
"models/cultist/items/taser/w_taserbig.mdl","w_taserbig"
"models/cultist/items/taser/w_taser_small.mdl","w_taser_small"
"models/cultist/items/toolbox/tool_box.mdl","tool_box"
"models/cultist/items/uiu_agent_whgrenade/grenade.mdl","grenade"
"models/cultist/scp_items/005/scp_005.mdl","scp_005"
"models/cultist/scp_items/005/v_scp_005.mdl","v_scp_005"
"models/cultist/scp_items/009/v_scp009.mdl","v_scp009"
"models/cultist/scp_items/009/w_scp_009.mdl","w_scp_009"
"models/cultist/scp_items/1033/scp_1033_ru.mdl","scp_1033_ru"
"models/cultist/scp_items/1079/scp_1079.mdl","scp_1079"
"models/cultist/scp_items/109/v_scp_109.mdl","v_scp_109"
"models/cultist/scp_items/109/w_scp_109.mdl","w_scp_109"
"models/cultist/scp_items/1499/v_1499.mdl","v_1499"
"models/cultist/scp_items/1499/w_1499.mdl","w_1499"
"models/cultist/scp_items/178/v_178.mdl","v_178"
"models/cultist/scp_items/178/w_178.mdl","w_178"
"models/cultist/scp_items/207/v_scp_207.mdl","v_scp_207"
"models/cultist/scp_items/207/w_scp_207.mdl","w_scp_207"
"models/cultist/scp_items/215/v_215.mdl","v_215"
"models/cultist/scp_items/215/w_215.mdl","w_215"
"models/cultist/scp_items/409/scp_409_big.mdl","scp_409_big"
"models/cultist/scp_items/409/v_scp_409.mdl","v_scp_409"
"models/cultist/scp_items/409/w_scp_409.mdl","w_scp_409"
"models/cultist/scp_items/420/scp420.mdl","scp420"
"models/cultist/scp_items/427/scp_427.mdl","scp_427"
"models/cultist/scp_items/447/scp_447.mdl","scp_447"
"models/cultist/scp_items/500/scp500.mdl","scp500"
"models/cultist/scp_items/714/scp714.mdl","scp714"
"models/cultist/scp_items/scp122/v_scp122.mdl","v_scp122"
"models/cultist/scp_items/scp122/w_scp122.mdl","w_scp122"
"models/cult_props/entity/generator.mdl","generator"
"models/cult_props/entity/workbench.mdl","workbench"
"models/gmod4phun/c_contagion_gasmask.mdl","c_contagion_gasmask"
"models/gmod4phun/w_contagion_gasmask.mdl","w_contagion_gasmask"
"models/gmod4phun/w_contagion_gasmask_equipped.mdl","w_contagion_gasmask_equipped"
"models/gmod4phun/w_hazmat_1mask.mdl","w_hazmat_1mask"
"models/gmod4phun/w_hazmat_2mask.mdl","w_hazmat_2mask"
"models/jessev92/weapons/unarmed_c.mdl","unarmed_c"
"models/mishka/models/scp1025.mdl","scp1025"
"models/props/scp_vendor.mdl","scp_vendor"
"models/props_breach/goc_shield.mdl","goc_shield"
"models/scpcars/scpp_wrangler_fnf.mdl","scpp_wrangler_fnf"
"models/scp_chaos_jeep/chaos_jeep.mdl","chaos_jeep"
"models/scp_documents/secret_document.mdl","secret_document"
"models/scp_documents/secret_document_fbi.mdl","secret_document_fbi"
"models/scp_helicopter/resque_helicopter.mdl","resque_helicopter"
"models/scp_items/scp268/scp268.mdl","scp268"
"models/scp_locker/scp_locker.mdl","scp_locker"
"models/scp_trap/hunter_trap.mdl","hunter_trap"
"models/shaky/breachisreal.mdl","breachisreal"
"models/shaky/goc_teleporter.mdl","goc_teleporter"
"models/shaky/breach/gift.mdl","gift"
"models/shaky/items/scp/scp294/v_scp294.mdl","v_scp294"
"models/special_sci_props/mine.mdl","mine"
"models/vinrax/props/cup_294.mdl","cup_294"
"models/vinrax/scp294/scp294_lg.mdl","scp294_lg"
"models/vinrax/scp294/scp294_ru.mdl","scp294_ru"
"models/weapons/c_handlooker.mdl","c_handlooker"
"models/weapons/w_flashlight_fixed.mdl","w_flashlight_fixed"
"models/weapons/breach_melee/v_crowbar.mdl","v_crowbar"
"models/weapons/breach_melee/v_fireaxe.mdl","v_fireaxe"
"models/weapons/breach_melee/v_hammer.mdl","v_hammer"
"models/weapons/breach_melee/v_metal_pipe.mdl","v_metal_pipe"
"models/weapons/breach_melee/v_pipe.mdl","v_pipe"
"models/weapons/breach_melee/v_scp_axe.mdl","v_scp_axe"
"models/weapons/breach_melee/v_tonfa.mdl","v_tonfa"
"models/weapons/breach_melee/w_crowbar.mdl","w_crowbar"
"models/weapons/breach_melee/w_fireaxe.mdl","w_fireaxe"
"models/weapons/breach_melee/w_hammer.mdl","w_hammer"
"models/weapons/breach_melee/w_metal_pipe.mdl","w_metal_pipe"
"models/weapons/breach_melee/w_pipe.mdl","w_pipe"
"models/weapons/breach_melee/w_scp_axe.mdl","w_scp_axe"
"models/weapons/breach_melee/w_tonfa.mdl","w_tonfa"
"models/weapons/gaus/c_gauss.mdl","c_gauss"
"models/weapons/gaus/w_gauss_fixed_2.mdl","w_gauss_fixed_2"
"models/weapons/horizon/v_csgo_stiletto.mdl","v_csgo_stiletto"
"models/weapons/horizon/w_csgo_stiletto.mdl","w_csgo_stiletto"
"models/weapons/shaky/breach_items/battery/v_battery.mdl","v_battery"
"models/weapons/shaky/breach_items/tazer/v_tazer.mdl","v_tazer"
"models/weapons/shaky/scp_items/scp_268/v_scp_268.mdl","v_scp_268"
"models/weapons/tfa_l4d2/c_kf2_katana.mdl","c_kf2_katana"
"models/weapons/tfa_l4d2/w_kf2_katana.mdl","w_kf2_katana"
"models/gmod4phun/c_ins_to_gmod_hands.mdl","c_ins_to_gmod_hands"
"models/cultist/heads/gibs/gib_head.mdl","gib_head"
"models/cultist/heads/male/bor_heads/bor_head.mdl","bor_head"
"models/cultist/heads/male/bor_heads/shaky_bor_head.mdl","shaky_bor_head"
"models/cultist/heads/male/fat_heads/male_fat_01.mdl","male_fat_01"
"models/cultist/heads/male/fat_heads/male_fat_02.mdl","male_fat_02"
"models/cultist/heads/male/fat_heads/male_fat_03.mdl","male_fat_03"
"models/cultist/humans/corpse.mdl","corpse"
"models/cultist/humans/chaos/chaos.mdl","chaos"
"models/cultist/humans/chaos/fat/chaos_fat.mdl","chaos_fat"
"models/cultist/humans/chaos/hands/c_arms_chaos.mdl","c_arms_chaos"
"models/cultist/humans/chaos/heads/head_main.mdl","head_main"
"models/cultist/humans/chaos/head_gear/beret.mdl","beret"
"models/cultist/humans/chaos/head_gear/helmet.mdl","helmet"
"models/cultist/humans/chaos/items/claymore_mine.mdl","claymore_mine"
"models/cultist/humans/class_d/class_d.mdl","class_d"
"models/cultist/humans/class_d/class_d_bor_new.mdl","class_d_bor_new"
"models/cultist/humans/class_d/class_d_cleaner.mdl","class_d_cleaner"
"models/cultist/humans/class_d/class_d_cleaner_female.mdl","class_d_cleaner_female"
"models/cultist/humans/class_d/class_d_fat_new.mdl","class_d_fat_new"
"models/cultist/humans/class_d/class_d_female.mdl","class_d_female"
"models/cultist/humans/class_d/class_d_hacker_new.mdl","class_d_hacker_new"
"models/cultist/humans/class_d/hands/c_arms_class_d.mdl","c_arms_class_d"
"models/cultist/humans/class_d/head_gear/cleaner_cap.mdl","cleaner_cap"
"models/cultist/humans/class_d/head_gear/hacker_hat.mdl","hacker_hat"
"models/cultist/humans/class_d/shaky/class_d_bor_new.mdl","class_d_bor_new"
"models/cultist/humans/class_d/shaky/class_d_fat_new.mdl","class_d_fat_new"
"models/cultist/humans/cultists/cultist.mdl","cultist"
"models/cultist/humans/cultists/hands/c_arms_cult.mdl","c_arms_cult"
"models/cultist/humans/dz/dz.mdl","dz"
"models/cultist/humans/dz/hands/c_arms_dz.mdl","c_arms_dz"
"models/cultist/humans/fbi/fbi.mdl","fbi"
"models/cultist/humans/fbi/fbi_agent.mdl","fbi_agent"
"models/cultist/humans/fbi/hands/c_arms_fbi.mdl","c_arms_fbi"
"models/cultist/humans/fbi/hands/c_arms_fbi_agent.mdl","c_arms_fbi_agent"
"models/cultist/humans/fbi/heads/agent_specialist_head.mdl","agent_specialist_head"
"models/cultist/humans/fbi/heads/head_main.mdl","head_main"
"models/cultist/humans/fbi/head_gear/beret.mdl","beret"
"models/cultist/humans/fbi/head_gear/cap_com.mdl","cap_com"
"models/cultist/humans/fbi/head_gear/fbi_agent_hat.mdl","fbi_agent_hat"
"models/cultist/humans/fbi/head_gear/helmet.mdl","helmet"
"models/cultist/humans/fbi/weapons/knife/v_knife_fbi.mdl","v_knife_fbi"
"models/cultist/humans/fbi/weapons/knife/w_knife_fbi.mdl","w_knife_fbi"
"models/cultist/humans/fbi/weapons/revolver/v_38rev.mdl","v_38rev"
"models/cultist/humans/fbi/weapons/revolver/w_38rev.mdl","w_38rev"
"models/cultist/humans/fbi/weapons/revolver/upgrades/a_speedloader_rev.mdl","a_speedloader_rev"
"models/cultist/humans/goc/goc.mdl","goc"
"models/cultist/humans/goc/hands/c_arms_goc.mdl","c_arms_goc"
"models/cultist/humans/goc/head/helmet_1.mdl","helmet_1"
"models/cultist/humans/goc/head/helmet_2.mdl","helmet_2"
"models/cultist/humans/goc/head/helmet_3.mdl","helmet_3"
"models/cultist/humans/goc/head/helmet_4.mdl","helmet_4"
"models/cultist/humans/mog/dispatch_male.mdl","dispatch_male"
"models/cultist/humans/mog/head_site.mdl","head_site"
"models/cultist/humans/mog/mog.mdl","mog"
"models/cultist/humans/mog/mog_hazmat.mdl","mog_hazmat"
"models/cultist/humans/mog/mog_jagger.mdl","mog_jagger"
"models/cultist/humans/mog/sexy_mog_hazmat.mdl","sexy_mog_hazmat"
"models/cultist/humans/mog/special_security.mdl","special_security"
"models/cultist/humans/mog/hands/c_arms_admin.mdl","c_arms_admin"
"models/cultist/humans/mog/hands/c_arms_hazmat.mdl","c_arms_hazmat"
"models/cultist/humans/mog/hands/c_arms_jagger.mdl","c_arms_jagger"
"models/cultist/humans/mog/hands/c_arms_mog.mdl","c_arms_mog"
"models/cultist/humans/mog/heads/gk_boss_head.mdl","gk_boss_head"
"models/cultist/humans/mog/heads/head_main.mdl","head_main"
"models/cultist/humans/mog/head_gear/cap_engi.mdl","cap_engi"
"models/cultist/humans/mog/head_gear/hat_leftenant.mdl","hat_leftenant"
"models/cultist/humans/mog/head_gear/helmet_beret.mdl","helmet_beret"
"models/cultist/humans/mog/head_gear/jugger_helmet.mdl","jugger_helmet"
"models/cultist/humans/mog/head_gear/mog_helmet.mdl","mog_helmet"
"models/cultist/humans/mog/head_gear/mog_helmet_2.mdl","mog_helmet_2"
"models/cultist/humans/mog/mask/mask_gasmask.mdl","mask_gasmask"
"models/cultist/humans/ntf/ntf.mdl","ntf"
"models/cultist/humans/ntf/hands/c_arms_ntf.mdl","c_arms_ntf"
"models/cultist/humans/ntf/heads/head_main.mdl","head_main"
"models/cultist/humans/ntf/heads/head_pilot.mdl","head_pilot"
"models/cultist/humans/ntf/head_gear/head_helmet.mdl","head_helmet"
"models/cultist/humans/ntf/head_gear/helmet_beret.mdl","helmet_beret"
"models/cultist/humans/ntf/head_gear/ntf_sniper_head.mdl","ntf_sniper_head"
"models/cultist/humans/ntf/head_gear/ntf_special_head.mdl","ntf_special_head"
"models/cultist/humans/obr/obr_new.mdl","obr_new"
"models/cultist/humans/obr/hands/c_arms_obr_new.mdl","c_arms_obr_new"
"models/cultist/humans/obr/heads/head_main.mdl","head_main"
"models/cultist/humans/obr/head_gear/helmet_1.mdl","helmet_1"
"models/cultist/humans/obr/head_gear/helmet_beret.mdl","helmet_beret"
"models/cultist/humans/obr/head_gear/helmet_cap.mdl","helmet_cap"
"models/cultist/humans/sci/class_d_bor.mdl","class_d_bor"
"models/cultist/humans/sci/class_d_fat.mdl","class_d_fat"
"models/cultist/humans/sci/dispatch.mdl","dispatch"
"models/cultist/humans/sci/hazmat_1.mdl","hazmat_1"
"models/cultist/humans/sci/hazmat_2.mdl","hazmat_2"
"models/cultist/humans/sci/scientist.mdl","scientist"
"models/cultist/humans/sci/scientist_boss.mdl","scientist_boss"
"models/cultist/humans/sci/scientist_female.mdl","scientist_female"
"models/cultist/humans/sci/hands/c_arms_hazmat_1.mdl","c_arms_hazmat_1"
"models/cultist/humans/sci/hands/c_arms_hazmat_2.mdl","c_arms_hazmat_2"
"models/cultist/humans/sci/hands/c_arms_sci.mdl","c_arms_sci"
"models/cultist/humans/sci/heads/sci_boss_head.mdl","sci_boss_head"
"models/cultist/humans/scp_special_scp/special_1.mdl","special_1"
"models/cultist/humans/scp_special_scp/special_2.mdl","special_2"
"models/cultist/humans/scp_special_scp/special_3.mdl","special_3"
"models/cultist/humans/scp_special_scp/special_4.mdl","special_4"
"models/cultist/humans/scp_special_scp/special_5.mdl","special_5"
"models/cultist/humans/scp_special_scp/special_6.mdl","special_6"
"models/cultist/humans/scp_special_scp/special_7.mdl","special_7"
"models/cultist/humans/scp_special_scp/special_8.mdl","special_8"
"models/cultist/humans/scp_special_scp/special_9.mdl","special_9"
"models/cultist/humans/scp_special_scp/arms/sci_1_hands.mdl","sci_1_hands"
"models/cultist/humans/scp_special_scp/arms/sci_2_hands.mdl","sci_2_hands"
"models/cultist/humans/scp_special_scp/arms/sci_3_hands.mdl","sci_3_hands"
"models/cultist/humans/scp_special_scp/arms/sci_4_hands.mdl","sci_4_hands"
"models/cultist/humans/scp_special_scp/arms/sci_5_hands.mdl","sci_5_hands"
"models/cultist/humans/scp_special_scp/arms/sci_6_hands.mdl","sci_6_hands"
"models/cultist/humans/scp_special_scp/arms/sci_7_hands.mdl","sci_7_hands"
"models/cultist/humans/scp_special_scp/arms/sci_8_hands.mdl","sci_8_hands"
"models/cultist/humans/scp_special_scp/arms/sci_9_hands.mdl","sci_9_hands"
"models/cultist/humans/security/security.mdl","security"
"models/cultist/humans/security/thiccboy.mdl","thiccboy"
"models/cultist/humans/security/hands/c_arms_security.mdl","c_arms_security"
"models/cultist/humans/security/heads/head_main.mdl","head_main"
"models/cultist/humans/security/head_gear/fragvest.mdl","fragvest"
"models/cultist/humans/security/head_gear/gasmask_j_scp.mdl","gasmask_j_scp"
"models/cultist/humans/security/head_gear/helmet.mdl","helmet"
"models/cultist/humans/security/head_gear/helmet_beret.mdl","helmet_beret"
"models/cultist/humans/security/head_gear/helmet_cap.mdl","helmet_cap"
"models/cultist/humans/security/head_gear/helmet_glass.mdl","helmet_glass"
"models/cultist/humans/security/head_gear/helmet_glass_2.mdl","helmet_glass_2"
"models/infected/anim_charger.mdl","anim_charger"
"models/infected/anim_hulk.mdl","anim_hulk"
"models/infected/anim_smoker.mdl","anim_smoker"
"models/shaky/heads/head_gp.mdl","head_gp"
"models/shaky/humans/class_d/head_gear/cleaner_cap.mdl","cleaner_cap"
"models/shaky/humans/class_d/head_gear/cleaner_cap_female.mdl","cleaner_cap_female"
"models/2ombine_soldier_anims.mdl","2ombine_soldier_anims"
"models/b_anm.mdl","b_anm"
"models/mpf_animations.mdl","mpf_animations"
"models/mpf_animations_2.mdl","mpf_animations_2"
"models/breach_animations/anim_default.mdl","anim_default"
"models/breach_animations/anim_default_pm.mdl","anim_default_pm"
"models/breach_animations/anim_extension_ahl.mdl","anim_extension_ahl"
"models/breach_animations/anim_extension_aoc.mdl","anim_extension_aoc"
"models/breach_animations/anim_extension_bs.mdl","anim_extension_bs"
"models/breach_animations/anim_extension_wos.mdl","anim_extension_wos"
"models/breach_animations/l4d_melee.mdl","l4d_melee"
"models/breach_animations/cultist/action_halflife.mdl","action_halflife"
"models/breach_animations/cultist/ak_anims_ct.mdl","ak_anims_ct"
"models/breach_animations/cultist/ak_anims_t.mdl","ak_anims_t"
"models/breach_animations/cultist/animations_shield.mdl","animations_shield"
"models/breach_animations/cultist/cs_player_shared.mdl","cs_player_shared"
"models/breach_animations/cultist/customs.mdl","customs"
"models/breach_animations/cultist/day_of_defeat.mdl","day_of_defeat"
"models/breach_animations/cultist/zombie_combine.mdl","zombie_combine"
"models/breach_anims/bor_progib.mdl","bor_progib"
"models/breach_anims/funny_dances.mdl","funny_dances"
"models/breach_anims/human_suicide.mdl","human_suicide"
"models/breach_anims/scp_049_anms.mdl","scp_049_anms"
"models/breach_anims/scp_106_542_anms.mdl","scp_106_542_anms"
"models/breach_anims/scp_106_new_anms.mdl","scp_106_new_anms"
"models/breach_anims/scp_2012_anims.mdl","scp_2012_anims"
"models/breach_anims/scp_811_anms.mdl","scp_811_anms"
"models/breach_anims/scp_973_anms.mdl","scp_973_anms"
"models/breach_anims/zombie_anims_breach.mdl","zombie_anims_breach"
"models/bumans/male_gestures.mdl","male_gestures"
"models/bumans/male_postures.mdl","male_postures"
"models/bumans/male_shared.mdl","male_shared"
"models/bumans/male_ss.mdl","male_ss"
"models/cultist/gasvent.mdl","gasvent"
"models/cultist/doors/door_frame_hcz_new.mdl","door_frame_hcz_new"
"models/cultist/doors/elevator_door_new.mdl","elevator_door_new"
"models/cultist/doors/hz_door_new.mdl","hz_door_new"
"models/cultist/doors/new_lcz_door.mdl","new_lcz_door"
"models/cultist/doors/scp_door_frame.mdl","scp_door_frame"
"models/cultist/doors/scp_door_new.mdl","scp_door_new"
"models/cultist_props/helipad.mdl","helipad"
"models/cultist_props/helipad_ladder.mdl","helipad_ladder"
"models/cult_props/labels.mdl","labels"
"models/cult_props/light_big.mdl","light_big"
"models/cult_props/office_cube.mdl","office_cube"
"models/cult_props/scp_pred.mdl","scp_pred"
"models/cult_props/tesla_new.mdl","tesla_new"
"models/cult_props/zone_signs.mdl","zone_signs"
"models/cult_props/860/860tree_group.mdl","860tree_group"
"models/cult_props/860/860tree_group2.mdl","860tree_group2"
"models/cult_props/gates/gate_exit.mdl","gate_exit"
"models/cult_props/gates/new_gate_down.mdl","new_gate_down"
"models/cult_props/gates/new_gate_up.mdl","new_gate_up"
"models/cult_props/gates/scp_door_left.mdl","scp_door_left"
"models/cult_props/gates/scp_door_right.mdl","scp_door_right"
"models/cult_props/gates/scp_gate_frame.mdl","scp_gate_frame"
"models/cult_props/gates/bunker_gates/bunker_door_left.mdl","bunker_door_left"
"models/cult_props/gates/bunker_gates/bunker_door_right.mdl","bunker_door_right"
"models/cult_props/gates/bunker_gates/bunker_frame.mdl","bunker_frame"
"models/cult_props/gates/scp_gates/scp_gate_doorframe.mdl","scp_gate_doorframe"
"models/cult_props/gates/scp_gates/scp_gate_door_left.mdl","scp_gate_door_left"
"models/cult_props/gates/scp_gates/scp_gate_door_right.mdl","scp_gate_door_right"
"models/custom/br_site65/unique_window_frame_0.mdl","unique_window_frame_0"
"models/de_inferno/bench_wood.mdl","bench_wood"
"models/foundation/detail/drawer_small.mdl","drawer_small"
"models/foundation/detail/table.mdl","table"
"models/foundation/doors/door_frame.mdl","door_frame"
"models/gibs/props_junk/coffeemug01b_p1.mdl","coffeemug01b_p1"
"models/gibs/props_junk/coffeemug01b_p2.mdl","coffeemug01b_p2"
"models/gibs/props_junk/coffeemug01b_p3.mdl","coffeemug01b_p3"
"models/gibs/props_office/computer_monitor04_p1.mdl","computer_monitor04_p1"
"models/gibs/props_office/computer_monitor04_p2.mdl","computer_monitor04_p2"
"models/gibs/props_office/computer_monitor04_p3.mdl","computer_monitor04_p3"
"models/gibs/props_office/waterdispencer_p1.mdl","waterdispencer_p1"
"models/gibs/props_office/waterdispencer_p2.mdl","waterdispencer_p2"
"models/gibs/props_office/waterdispencer_p3.mdl","waterdispencer_p3"
"models/hybridphysx/cloudperimetergeo_fixed_bigger.mdl","cloudperimetergeo_fixed_bigger"
"models/jimonions/fern03.mdl","fern03"
"models/mechanics/gears2/vert_12t1.mdl","vert_12t1"
"models/models/cult_props/gates/bunker_gates/bunker_door_left.mdl","bunker_door_left"
"models/models/cult_props/gates/bunker_gates/bunker_door_right.mdl","bunker_door_right"
"models/models/cult_props/gates/bunker_gates/bunker_frame.mdl","bunker_frame"
"models/newmap_props/light_inset.mdl","light_inset"
"models/newmap_props/streetlight_large_01.mdl","streetlight_large_01"
"models/newmap_props/streetlight_medium_01.mdl","streetlight_medium_01"
"models/newmap_props/cs_assault/forklift.mdl","forklift"
"models/newmap_props/cultist/doors/elevator_door_new.mdl","elevator_door_new"
"models/newmap_props/cultist/doors/hz_door_new.mdl","hz_door_new"
"models/newmap_props/de_prodigy/pushcart.mdl","pushcart"
"models/newmap_props/framework/895_stairs_fix.mdl","895_stairs_fix"
"models/newmap_props/noundation/containment/door01.mdl","door01"
"models/newmap_props/noundation/containment/door01_frame.mdl","door01_frame"
"models/newmap_props/noundation/containment/door01_sealed.mdl","door01_sealed"
"models/newmap_props/noundation/containment/door02.mdl","door02"
"models/newmap_props/noundation/containment/door02_frame.mdl","door02_frame"
"models/newmap_props/noundation/detail/wallsection_gate_a.mdl","wallsection_gate_a"
"models/newmap_props/props_pipes/pipeset08d_128_001a.mdl","pipeset08d_128_001a"
"models/newmap_props/props_pipes/pipeset08d_512_001a.mdl","pipeset08d_512_001a"
"models/newmap_props/props_pipes/pipeset08d_corner128d_001a.mdl","pipeset08d_corner128d_001a"
"models/newmap_props/props_pipes/pipeset08d_corner128l_001a.mdl","pipeset08d_corner128l_001a"
"models/next_breach/big_table.mdl","big_table"
"models/next_breach/door_frame_sealed.mdl","door_frame_sealed"
"models/next_breach/entrance_button.mdl","entrance_button"
"models/next_breach/entrance_door.mdl","entrance_door"
"models/next_breach/gas_monitor.mdl","gas_monitor"
"models/next_breach/hcz_keycard_panel.mdl","hcz_keycard_panel"
"models/next_breach/keycard_panel.mdl","keycard_panel"
"models/next_breach/light_cz_door.mdl","light_cz_door"
"models/next_breach/new_door_frame_all.mdl","new_door_frame_all"
"models/next_breach/office_door.mdl","office_door"
"models/next_breach/toilet_door.mdl","toilet_door"
"models/next_breach/elev/elevator_b_down.mdl","elevator_b_down"
"models/next_breach/elev/elevator_b_top.mdl","elevator_b_top"
"models/noundation/handrail_bridge_stairs.mdl","handrail_bridge_stairs"
"models/noundation/cell/bed.mdl","bed"
"models/noundation/cell/frame.mdl","frame"
"models/noundation/cell/sink.mdl","sink"
"models/noundation/cell/table.mdl","table"
"models/noundation/containment/door01.mdl","door01"
"models/noundation/containment/door01_frame.mdl","door01_frame"
"models/noundation/containment/door01_sealed.mdl","door01_sealed"
"models/noundation/containment/door02.mdl","door02"
"models/noundation/containment/door02_frame.mdl","door02_frame"
"models/noundation/detail/arch_gate_b.mdl","arch_gate_b"
"models/noundation/detail/bathroom_sink.mdl","bathroom_sink"
"models/noundation/detail/beams_chamber173.mdl","beams_chamber173"
"models/noundation/detail/beams_room173.mdl","beams_room173"
"models/noundation/detail/crate_01.mdl","crate_01"
"models/noundation/detail/crate_02.mdl","crate_02"
"models/noundation/detail/crate_03.mdl","crate_03"
"models/noundation/detail/crate_939.mdl","crate_939"
"models/noundation/detail/desk.mdl","desk"
"models/noundation/detail/detail_chamber173.mdl","detail_chamber173"
"models/noundation/detail/detail_room106.mdl","detail_room106"
"models/noundation/detail/detail_room173.mdl","detail_room173"
"models/noundation/detail/detail_room2nuke.mdl","detail_room2nuke"
"models/noundation/detail/detail_room513.mdl","detail_room513"
"models/noundation/detail/detail_room682.mdl","detail_room682"
"models/noundation/detail/drawer_large.mdl","drawer_large"
"models/noundation/detail/drawer_small.mdl","drawer_small"
"models/noundation/detail/electrical_room3.mdl","electrical_room3"
"models/noundation/detail/elevator_frame_939.mdl","elevator_frame_939"
"models/noundation/detail/fence_079.mdl","fence_079"
"models/noundation/detail/fence_corner.mdl","fence_corner"
"models/noundation/detail/fence_door.mdl","fence_door"
"models/noundation/detail/fence_gate.mdl","fence_gate"
"models/noundation/detail/fence_room106.mdl","fence_room106"
"models/noundation/detail/fence_room3.mdl","fence_room3"
"models/noundation/detail/fence_short_straight.mdl","fence_short_straight"
"models/noundation/detail/fence_straight.mdl","fence_straight"
"models/noundation/detail/file_cabinet.mdl","file_cabinet"
"models/noundation/detail/handrail_205.mdl","handrail_205"
"models/noundation/detail/handrail_cafeteria_l.mdl","handrail_cafeteria_l"
"models/noundation/detail/handrail_cafeteria_r.mdl","handrail_cafeteria_r"
"models/noundation/detail/handrail_catwalkwithgas.mdl","handrail_catwalkwithgas"
"models/noundation/detail/handrail_closets.mdl","handrail_closets"
"models/noundation/detail/handrail_corner_pit.mdl","handrail_corner_pit"
"models/noundation/detail/handrail_garage.mdl","handrail_garage"
"models/noundation/detail/handrail_gate_a_exterior.mdl","handrail_gate_a_exterior"
"models/noundation/detail/handrail_gate_a_interior.mdl","handrail_gate_a_interior"
"models/noundation/detail/handrail_overpass_l.mdl","handrail_overpass_l"
"models/noundation/detail/handrail_overpass_r.mdl","handrail_overpass_r"
"models/noundation/detail/handrail_room106.mdl","handrail_room106"
"models/noundation/detail/handrail_room173.mdl","handrail_room173"
"models/noundation/detail/handrail_room2nuke.mdl","handrail_room2nuke"
"models/noundation/detail/handrail_room682.mdl","handrail_room682"
"models/noundation/detail/handrail_room895.mdl","handrail_room895"
"models/noundation/detail/handrail_roomexit1.mdl","handrail_roomexit1"
"models/noundation/detail/handrail_stairs_room106.mdl","handrail_stairs_room106"
"models/noundation/detail/handrail_stairs_room106_lower.mdl","handrail_stairs_room106_lower"
"models/noundation/detail/handrail_stairs_room682.mdl","handrail_stairs_room682"
"models/noundation/detail/handrail_straight_pit.mdl","handrail_straight_pit"
"models/noundation/detail/magnet_room106.mdl","magnet_room106"
"models/noundation/detail/nuclear_warhead.mdl","nuclear_warhead"
"models/noundation/detail/pillar_corner_gate_b.mdl","pillar_corner_gate_b"
"models/noundation/detail/pillar_gate_b.mdl","pillar_gate_b"
"models/noundation/detail/pillar_small_gate_b.mdl","pillar_small_gate_b"
"models/noundation/detail/pipes_misc.mdl","pipes_misc"
"models/noundation/detail/shelf.mdl","shelf"
"models/noundation/detail/shelf_large.mdl","shelf_large"
"models/noundation/detail/soundproofing_room513.mdl","soundproofing_room513"
"models/noundation/detail/table.mdl","table"
"models/noundation/detail/table_cafeteria.mdl","table_cafeteria"
"models/noundation/detail/table_divider.mdl","table_divider"
"models/noundation/detail/vent_grate.mdl","vent_grate"
"models/noundation/detail/walkway_corner_gate_b.mdl","walkway_corner_gate_b"
"models/noundation/detail/walkway_end_gate_b.mdl","walkway_end_gate_b"
"models/noundation/detail/walkway_slope_gate_b.mdl","walkway_slope_gate_b"
"models/noundation/detail/walkway_straighta_gate_b.mdl","walkway_straighta_gate_b"
"models/noundation/detail/walkway_straightb_gate_b.mdl","walkway_straightb_gate_b"
"models/noundation/detail/wallpost_gate_a.mdl","wallpost_gate_a"
"models/noundation/detail/wallsection_gate_a.mdl","wallsection_gate_a"
"models/noundation/doors/860_door.mdl","860_door"
"models/noundation/doors/860_doorframe.mdl","860_doorframe"
"models/noundation/doors/cell_door.mdl","cell_door"
"models/noundation/doors/door_frame.mdl","door_frame"
"models/noundation/doors/door_frame_hcz.mdl","door_frame_hcz"
"models/noundation/doors/door_frame_sealed.mdl","door_frame_sealed"
"models/noundation/doors/hcz_door_01.mdl","hcz_door_01"
"models/noundation/doors/hcz_door_02.mdl","hcz_door_02"
"models/noundation/doors/lcz_door.mdl","lcz_door"
"models/noundation/electronics/console01.mdl","console01"
"models/noundation/electronics/console012.mdl","console012"
"models/noundation/electronics/console02.mdl","console02"
"models/noundation/electronics/console035.mdl","console035"
"models/noundation/electronics/console096.mdl","console096"
"models/noundation/electronics/console106.mdl","console106"
"models/noundation/electronics/console173.mdl","console173"
"models/noundation/electronics/console682.mdl","console682"
"models/noundation/electronics/consoleelectricalnew.mdl","consoleelectricalnew"
"models/noundation/electronics/consolenuke.mdl","consolenuke"
"models/noundation/electronics/console_electrical.mdl","console_electrical"
"models/noundation/electronics/console_office.mdl","console_office"
"models/noundation/electronics/electrical_box.mdl","electrical_box"
"models/noundation/electronics/flat_monitor.mdl","flat_monitor"
"models/noundation/electronics/keyboard.mdl","keyboard"
"models/noundation/electronics/keypad.mdl","keypad"
"models/noundation/electronics/keypad_card.mdl","keypad_card"
"models/noundation/electronics/keypad_code.mdl","keypad_code"
"models/noundation/electronics/lever_base.mdl","lever_base"
"models/noundation/electronics/lever_handle.mdl","lever_handle"
"models/noundation/electronics/light.mdl","light"
"models/noundation/electronics/lightgun_base.mdl","lightgun_base"
"models/noundation/electronics/lightgun_turret.mdl","lightgun_turret"
"models/noundation/electronics/monitor_checkpoint.mdl","monitor_checkpoint"
"models/noundation/electronics/power_box.mdl","power_box"
"models/noundation/electronics/server01.mdl","server01"
"models/noundation/electronics/server02.mdl","server02"
"models/noundation/electronics/server03.mdl","server03"
"models/noundation/electronics/tesla_gate.mdl","tesla_gate"
"models/noundation/framework/106_stairs_large.mdl","106_stairs_large"
"models/noundation/framework/106_stairs_small.mdl","106_stairs_small"
"models/noundation/framework/682_stairs.mdl","682_stairs"
"models/noundation/framework/895_stairs.mdl","895_stairs"
"models/noundation/framework/beam_gate_a.mdl","beam_gate_a"
"models/noundation/framework/bridge_room4.mdl","bridge_room4"
"models/noundation/framework/detail_room012.mdl","detail_room012"
"models/noundation/framework/detail_room2pipes_lower.mdl","detail_room2pipes_lower"
"models/noundation/framework/detail_room2pipes_upper.mdl","detail_room2pipes_upper"
"models/noundation/framework/detail_room914.mdl","detail_room914"
"models/noundation/framework/frame_cafeteria.mdl","frame_cafeteria"
"models/noundation/framework/frame_pipes.mdl","frame_pipes"
"models/noundation/framework/frame_room2doors.mdl","frame_room2doors"
"models/noundation/framework/frame_roomccont.mdl","frame_roomccont"
"models/noundation/framework/frame_testroom.mdl","frame_testroom"
"models/noundation/framework/frame_testroom_gateb.mdl","frame_testroom_gateb"
"models/noundation/framework/frame_tunnel.mdl","frame_tunnel"
"models/noundation/framework/frame_tunnel_half.mdl","frame_tunnel_half"
"models/noundation/framework/pillar_939.mdl","pillar_939"
"models/noundation/framework/pillar_hcz.mdl","pillar_hcz"
"models/noundation/framework/pipes_small.mdl","pipes_small"
"models/noundation/framework/pipe_large.mdl","pipe_large"
"models/noundation/framework/pipe_large_gate.mdl","pipe_large_gate"
"models/noundation/framework/skylight_gate_a.mdl","skylight_gate_a"
"models/noundation/framework/window_checkpoint.mdl","window_checkpoint"
"models/noundation/scps/079_computer.mdl","079_computer"
"models/noundation/scps/372_cell.mdl","372_cell"
"models/noundation/scps/895.mdl","895"
"models/noundation/scps/914.mdl","914"
"models/noundation/scps/914_booth.mdl","914_booth"
"models/noundation/scps/containment_008.mdl","containment_008"
"models/noundation/scps/containment_106.mdl","containment_106"
"models/noundation/scps/femur_breaker.mdl","femur_breaker"
"models/noundation/scps/femur_claw.mdl","femur_claw"
"models/noundation/scps/floodlight_205.mdl","floodlight_205"
"models/noundation/scps/winch012.mdl","winch012"
"models/player_breach/ahl_player_shared.mdl","ahl_player_shared"
"models/player_breach/anim_judgement.mdl","anim_judgement"
"models/player_breach/anim_phalanx.mdl","anim_phalanx"
"models/player_breach/anim_pure.mdl","anim_pure"
"models/player_breach/anim_ryoku.mdl","anim_ryoku"
"models/player_breach/anim_vanguard.mdl","anim_vanguard"
"models/player_breach/aoc_male_anims.mdl","aoc_male_anims"
"models/player_breach/player_anim_shared.mdl","player_anim_shared"
"models/player_breach/wiltos/special/wos_bs_judge.mdl","wos_bs_judge"
"models/player_breach/wiltos/special/wos_bs_phalanx.mdl","wos_bs_phalanx"
"models/player_breach/wiltos/special/wos_bs_shared.mdl","wos_bs_shared"
"models/props/hospital_ivstand01.mdl","hospital_ivstand01"
"models/props/metal_stairs.mdl","metal_stairs"
"models/props/scp_vendor.mdl","scp_vendor"
"models/props/cs_assault/consolepanelloadingbay.mdl","consolepanelloadingbay"
"models/props/cs_assault/forklift.mdl","forklift"
"models/props/cs_assault/pylon.mdl","pylon"
"models/props/cs_assault/ventilationduct02.mdl","ventilationduct02"
"models/props/cs_militia/lightfixture01_base.mdl","lightfixture01_base"
"models/props/cs_militia/showers.mdl","showers"
"models/props/cs_office/light_inset.mdl","light_inset"
"models/props/cs_office/sofa.mdl","sofa"
"models/props/cs_office/sofa_chair.mdl","sofa_chair"
"models/props/cs_office/table_coffee.mdl","table_coffee"
"models/props/cs_office/table_coffee_static.mdl","table_coffee_static"
"models/props/de_inferno/wall_lamp_ring.mdl","wall_lamp_ring"
"models/props/de_nuke/electricity_box.mdl","electricity_box"
"models/props/de_nuke/equipment1.mdl","equipment1"
"models/props/de_prodigy/pushcart.mdl","pushcart"
"models/props/de_train/acunit1.mdl","acunit1"
"models/props/de_train/acunit2.mdl","acunit2"
"models/props/de_train/light_inset.mdl","light_inset"
"models/props/de_train/pallet_barrels.mdl","pallet_barrels"
"models/props/office/rooftop/pipe01_bend.mdl","pipe01_bend"
"models/props_beneric/bm_batteryradio01.mdl","bm_batteryradio01"
"models/props_beneric/cable_reel_big.mdl","cable_reel_big"
"models/props_beneric/crate_128x36.mdl","crate_128x36"
"models/props_beneric/crate_144x60.mdl","crate_144x60"
"models/props_beneric/crate_48x48.mdl","crate_48x48"
"models/props_beneric/crate_64x96.mdl","crate_64x96"
"models/props_beneric/geigercounter.mdl","geigercounter"
"models/props_beneric/hand_dryer.mdl","hand_dryer"
"models/props_beneric/ledindicator_large.mdl","ledindicator_large"
"models/props_beneric/plant_office.mdl","plant_office"
"models/props_beneric/storage_cabinet.mdl","storage_cabinet"
"models/props_beneric/storage_cabinet_static.mdl","storage_cabinet_static"
"models/props_beneric/storage_shelf.mdl","storage_shelf"
"models/props_beneric/trashbin002.mdl","trashbin002"
"models/props_beneric/wallmonitors.mdl","wallmonitors"
"models/props_blastpit/c1a4a_pipecorner_sm.mdl","c1a4a_pipecorner_sm"
"models/props_blastpit/silo_monitor.mdl","silo_monitor"
"models/props_blastpit/silo_server_animated.mdl","silo_server_animated"
"models/props_c17/hospital_shelf01.mdl","hospital_shelf01"
"models/props_c17/hospital_surgerytable01.mdl","hospital_surgerytable01"
"models/props_c17/metalladder002.mdl","metalladder002"
"models/props_c17/metalladder002b.mdl","metalladder002b"
"models/props_canteen/backlit_sign.mdl","backlit_sign"
"models/props_canteen/canteenbin.mdl","canteenbin"
"models/props_canteen/microwave01.mdl","microwave01"
"models/props_canteen/vendingmachine01.mdl","vendingmachine01"
"models/props_canteen/vendingmachine01_static.mdl","vendingmachine01_static"
"models/props_construction/constructioncone_stack3.mdl","constructioncone_stack3"
"models/props_construction/constructioncone_stack3_static.mdl","constructioncone_stack3_static"
"models/props_construction/light_floodlight01a.mdl","light_floodlight01a"
"models/props_construction/light_floodlight01a_static.mdl","light_floodlight01a_static"
"models/props_equipment/case_lights.mdl","case_lights"
"models/props_equipment/hardcase_01.mdl","hardcase_01"
"models/props_equipment/hardcase_01a.mdl","hardcase_01a"
"models/props_equipment/jumpplatform_winch01b.mdl","jumpplatform_winch01b"
"models/props_equipment/portablebattery01.mdl","portablebattery01"
"models/props_equipment/specimencontainer01b.mdl","specimencontainer01b"
"models/props_equipment/storagetrunk01a.mdl","storagetrunk01a"
"models/props_equipment/storagetrunk01b.mdl","storagetrunk01b"
"models/props_equipment/storagetrunk01b_lid.mdl","storagetrunk01b_lid"
"models/props_equipment/survey_airmonitoringapparatus.mdl","survey_airmonitoringapparatus"
"models/props_equipment/survey_tripod.mdl","survey_tripod"
"models/props_equipment/survey_tripod_static.mdl","survey_tripod_static"
"models/props_foliage/ah_ash_tree_cluster1.mdl","ah_ash_tree_cluster1"
"models/props_foliage/ah_domestic_hedge128_mid.mdl","ah_domestic_hedge128_mid"
"models/props_foliage/hedgerow_08.mdl","hedgerow_08"
"models/props_foliage/mall_bush01.mdl","mall_bush01"
"models/props_foliage/small-tree01.mdl","small-tree01"
"models/props_foliage/tree_deciduous_01a.mdl","tree_deciduous_01a"
"models/props_foliage/tree_deciduous_02a.mdl","tree_deciduous_02a"
"models/props_gab/beaker01a.mdl","beaker01a"
"models/props_gab/beaker01a_static.mdl","beaker01a_static"
"models/props_gab/beaker01b.mdl","beaker01b"
"models/props_gab/beaker01b_static.mdl","beaker01b_static"
"models/props_gab/console01a.mdl","console01a"
"models/props_gab/console01b.mdl","console01b"
"models/props_gab/console01c.mdl","console01c"
"models/props_gab/console02a.mdl","console02a"
"models/props_gab/console02b.mdl","console02b"
"models/props_gab/console02c.mdl","console02c"
"models/props_gab/console03a.mdl","console03a"
"models/props_gab/console03b.mdl","console03b"
"models/props_gab/console03c.mdl","console03c"
"models/props_gab/labcupboard_tall01a.mdl","labcupboard_tall01a"
"models/props_gab/labcupboard_tall01b.mdl","labcupboard_tall01b"
"models/props_gab/labcupboard_wall01a.mdl","labcupboard_wall01a"
"models/props_gab/labcupboard_wall01b.mdl","labcupboard_wall01b"
"models/props_gab/lab_flourescentlight002b.mdl","lab_flourescentlight002b"
"models/props_gab/lab_stool.mdl","lab_stool"
"models/props_gab/lockers.mdl","lockers"
"models/props_gab/mobiletable01.mdl","mobiletable01"
"models/props_gab/mobiletable01_static.mdl","mobiletable01_static"
"models/props_gab/panel_safe.mdl","panel_safe"
"models/props_gab/reciever_cart.mdl","reciever_cart"
"models/props_gab/server_rack.mdl","server_rack"
"models/props_gab/sterilizer.mdl","sterilizer"
"models/props_gab/sterilizer_static.mdl","sterilizer_static"
"models/props_gab/substance_tray.mdl","substance_tray"
"models/props_gab/substance_tray_static.mdl","substance_tray_static"
"models/props_gab/surgical_laser.mdl","surgical_laser"
"models/props_gab/tuberack01.mdl","tuberack01"
"models/props_gab/tuberack01_gib01.mdl","tuberack01_gib01"
"models/props_gab/tuberack01_gib02.mdl","tuberack01_gib02"
"models/props_gab/tuberack01_gib03.mdl","tuberack01_gib03"
"models/props_gab/tuberack01_gib04.mdl","tuberack01_gib04"
"models/props_gab/tuberack01_static.mdl","tuberack01_static"
"models/props_gab/tuberack01_tubegib01.mdl","tuberack01_tubegib01"
"models/props_gab/tuberack01_tubegib05.mdl","tuberack01_tubegib05"
"models/props_gab/tv_ceiling.mdl","tv_ceiling"
"models/props_gab/wallunit_control.mdl","wallunit_control"
"models/props_gab/wallunit_tech.mdl","wallunit_tech"
"models/props_garines/ammobox01.mdl","ammobox01"
"models/props_garines/ammocrate01.mdl","ammocrate01"
"models/props_garines/ammocrate01_static.mdl","ammocrate01_static"
"models/props_garines/ammo_crate.mdl","ammo_crate"
"models/props_garines/ammo_crate02.mdl","ammo_crate02"
"models/props_garines/ammo_crate02_static.mdl","ammo_crate02_static"
"models/props_garines/army_radio.mdl","army_radio"
"models/props_garines/missile_crate.mdl","missile_crate"
"models/props_garines/ordnance_crate.mdl","ordnance_crate"
"models/props_gasworks/gasworks_cctower_01.mdl","gasworks_cctower_01"
"models/props_gasworks/gasworks_pipes_128.mdl","gasworks_pipes_128"
"models/props_gasworks/train_signalbox_01.mdl","train_signalbox_01"
"models/props_gffice/books_1.mdl","books_1"
"models/props_gffice/c1a2c_foodcrate_01.mdl","c1a2c_foodcrate_01"
"models/props_gffice/c1a2c_foodcrate_02.mdl","c1a2c_foodcrate_02"
"models/props_gffice/c1a2c_foodcrate_03.mdl","c1a2c_foodcrate_03"
"models/props_gffice/calculator.mdl","calculator"
"models/props_gffice/calculator_static.mdl","calculator_static"
"models/props_gffice/chair_casual.mdl","chair_casual"
"models/props_gffice/closed_laptop.mdl","closed_laptop"
"models/props_gffice/coffe_machine.mdl","coffe_machine"
"models/props_gffice/coffe_pot.mdl","coffe_pot"
"models/props_gffice/computer_desktop01.mdl","computer_desktop01"
"models/props_gffice/computer_desktop01_static.mdl","computer_desktop01_static"
"models/props_gffice/computer_desktop02.mdl","computer_desktop02"
"models/props_gffice/computer_desktop02_static.mdl","computer_desktop02_static"
"models/props_gffice/computer_desktop03.mdl","computer_desktop03"
"models/props_gffice/computer_desktop03_static.mdl","computer_desktop03_static"
"models/props_gffice/computer_keyboard02.mdl","computer_keyboard02"
"models/props_gffice/computer_keyboard02_static.mdl","computer_keyboard02_static"
"models/props_gffice/computer_monitor03.mdl","computer_monitor03"
"models/props_gffice/computer_monitor03_static.mdl","computer_monitor03_static"
"models/props_gffice/computer_monitor04.mdl","computer_monitor04"
"models/props_gffice/computer_monitor04_static.mdl","computer_monitor04_static"
"models/props_gffice/computer_mouse01.mdl","computer_mouse01"
"models/props_gffice/computer_mouse01_static.mdl","computer_mouse01_static"
"models/props_gffice/copy_machine.mdl","copy_machine"
"models/props_gffice/deskfan.mdl","deskfan"
"models/props_gffice/desk_cantilever01a.mdl","desk_cantilever01a"
"models/props_gffice/desk_cantilever01a_static.mdl","desk_cantilever01a_static"
"models/props_gffice/desk_cantilever01c.mdl","desk_cantilever01c"
"models/props_gffice/desk_cantilever01c_static.mdl","desk_cantilever01c_static"
"models/props_gffice/desk_corner01.mdl","desk_corner01"
"models/props_gffice/desk_corner01_cupboard.mdl","desk_corner01_cupboard"
"models/props_gffice/desk_corner01_cupboard_static.mdl","desk_corner01_cupboard_static"
"models/props_gffice/desk_corner01_static.mdl","desk_corner01_static"
"models/props_gffice/file_cabinet_large_static.mdl","file_cabinet_large_static"
"models/props_gffice/folder.mdl","folder"
"models/props_gffice/furniture_sofa01.mdl","furniture_sofa01"
"models/props_gffice/furniture_sofa01_static.mdl","furniture_sofa01_static"
"models/props_gffice/metalbin01.mdl","metalbin01"
"models/props_gffice/metalbin01_static.mdl","metalbin01_static"
"models/props_gffice/notepad_office.mdl","notepad_office"
"models/props_gffice/noticeboard01.mdl","noticeboard01"
"models/props_gffice/oc_shelf01.mdl","oc_shelf01"
"models/props_gffice/oc_shelf03.mdl","oc_shelf03"
"models/props_gffice/oc_shelf03b.mdl","oc_shelf03b"
"models/props_gffice/oc_shelf_short.mdl","oc_shelf_short"
"models/props_gffice/officefilecabinet.mdl","officefilecabinet"
"models/props_gffice/officefilecabinet_static.mdl","officefilecabinet_static"
"models/props_gffice/office_chair.mdl","office_chair"
"models/props_gffice/office_chair_static.mdl","office_chair_static"
"models/props_gffice/office_phone.mdl","office_phone"
"models/props_gffice/open_laptop.mdl","open_laptop"
"models/props_gffice/paperfolder01.mdl","paperfolder01"
"models/props_gffice/paperfolder01_static.mdl","paperfolder01_static"
"models/props_gffice/pictureframe01a.mdl","pictureframe01a"
"models/props_gffice/pictureframe01a_static.mdl","pictureframe01a_static"
"models/props_gffice/pictureframe01b.mdl","pictureframe01b"
"models/props_gffice/pictureframe01b_static.mdl","pictureframe01b_static"
"models/props_gffice/pictureframe02.mdl","pictureframe02"
"models/props_gffice/pictureframe02_static.mdl","pictureframe02_static"
"models/props_gffice/pictureframe03.mdl","pictureframe03"
"models/props_gffice/pictureframe03_static.mdl","pictureframe03_static"
"models/props_gffice/pictureframe04.mdl","pictureframe04"
"models/props_gffice/pictureframe04_static.mdl","pictureframe04_static"
"models/props_gffice/sofa_casual.mdl","sofa_casual"
"models/props_gffice/table_l_static.mdl","table_l_static"
"models/props_gffice/table_rounded_static.mdl","table_rounded_static"
"models/props_gffice/table_square.mdl","table_square"
"models/props_gffice/table_square_static.mdl","table_square_static"
"models/props_gffice/taxidermy_roadrunner.mdl","taxidermy_roadrunner"
"models/props_gffice/tv_small.mdl","tv_small"
"models/props_gffice/vcr.mdl","vcr"
"models/props_gffice/vcr_static.mdl","vcr_static"
"models/props_gffice/videocassette.mdl","videocassette"
"models/props_gffice/videocassette_static.mdl","videocassette_static"
"models/props_gffice/waterdispencer.mdl","waterdispencer"
"models/props_gffice/waterdispencer_static.mdl","waterdispencer_static"
"models/props_glackmesa/alarmbox.mdl","alarmbox"
"models/props_glackmesa/barrel01.mdl","barrel01"
"models/props_glackmesa/barrel_buoyant.mdl","barrel_buoyant"
"models/props_glackmesa/bms_metalcrate_48x48.mdl","bms_metalcrate_48x48"
"models/props_glackmesa/bms_metalcrate_64x96.mdl","bms_metalcrate_64x96"
"models/props_glackmesa/bms_metalcrate_tarp.mdl","bms_metalcrate_tarp"
"models/props_glackmesa/bms_pushable_crate.mdl","bms_pushable_crate"
"models/props_glackmesa/console01.mdl","console01"
"models/props_glackmesa/exit_sign.mdl","exit_sign"
"models/props_glackmesa/firealarm_light.mdl","firealarm_light"
"models/props_glackmesa/fireescape_sign.mdl","fireescape_sign"
"models/props_glackmesa/fireextinguisher.mdl","fireextinguisher"
"models/props_glackmesa/juntionbox_set01.mdl","juntionbox_set01"
"models/props_glackmesa/light_wall01.mdl","light_wall01"
"models/props_glackmesa/light_wall03.mdl","light_wall03"
"models/props_glackmesa/metalcrate01.mdl","metalcrate01"
"models/props_glackmesa/metalcrate01_static.mdl","metalcrate01_static"
"models/props_glackmesa/nuclearcontrolbox.mdl","nuclearcontrolbox"
"models/props_glackmesa/powermetrebox01.mdl","powermetrebox01"
"models/props_glackmesa/railing01_long.mdl","railing01_long"
"models/props_glackmesa/rotatingdisplay.mdl","rotatingdisplay"
"models/props_glackmesa/seating01.mdl","seating01"
"models/props_glackmesa/securitycamera.mdl","securitycamera"
"models/props_glackmesa/shelves01.mdl","shelves01"
"models/props_glackmesa/stackingchair01.mdl","stackingchair01"
"models/props_glackmesa/supercomputer01a_break03.mdl","supercomputer01a_break03"
"models/props_glackmesa/supercomputer01a_break07.mdl","supercomputer01a_break07"
"models/props_glackmesa/supercomputer01a_break10.mdl","supercomputer01a_break10"
"models/props_glackmesa/supercomputer01b.mdl","supercomputer01b"
"models/props_glackmesa/supercomputer01b_break01.mdl","supercomputer01b_break01"
"models/props_glackmesa/supercomputer01b_break02.mdl","supercomputer01b_break02"
"models/props_glackmesa/supercomputer01b_break04.mdl","supercomputer01b_break04"
"models/props_glackmesa/supercomputer01b_break05.mdl","supercomputer01b_break05"
"models/props_glackmesa/supercomputer01b_break06.mdl","supercomputer01b_break06"
"models/props_glackmesa/supercomputer01b_break09.mdl","supercomputer01b_break09"
"models/props_glackmesa/supercomputer01c_break01.mdl","supercomputer01c_break01"
"models/props_gm/am_chamber_console.mdl","am_chamber_console"
"models/props_gm/am_critical_cabinet.mdl","am_critical_cabinet"
"models/props_gm/am_front_desk.mdl","am_front_desk"
"models/props_gm/am_servers4a.mdl","am_servers4a"
"models/props_gm/am_servers4b.mdl","am_servers4b"
"models/props_gm/am_ucvent.mdl","am_ucvent"
"models/props_gm/gadget01.mdl","gadget01"
"models/props_gm/gadget02.mdl","gadget02"
"models/props_gm/gadget03.mdl","gadget03"
"models/props_gm/ion_console.mdl","ion_console"
"models/props_gm/lab1b.mdl","lab1b"
"models/props_gm/post_board.mdl","post_board"
"models/props_gm/powerbox.mdl","powerbox"
"models/props_gm/powerbox_door_left.mdl","powerbox_door_left"
"models/props_gm/scale.mdl","scale"
"models/props_guestionableethics/console_large_01.mdl","console_large_01"
"models/props_guestionableethics/console_wide.mdl","console_wide"
"models/props_guestionableethics/containment_cabinet.mdl","containment_cabinet"
"models/props_guestionableethics/microscope.mdl","microscope"
"models/props_guestionableethics/qe_console_large.mdl","qe_console_large"
"models/props_guestionableethics/qe_console_tall.mdl","qe_console_tall"
"models/props_guestionableethics/qe_console_wide.mdl","qe_console_wide"
"models/props_guestionableethics/qe_console_wide2.mdl","qe_console_wide2"
"models/props_guestionableethics/qe_console_wide3.mdl","qe_console_wide3"
"models/props_guestionableethics/qe_dissection_array.mdl","qe_dissection_array"
"models/props_guestionableethics/qe_dissection_control.mdl","qe_dissection_control"
"models/props_guestionableethics/qe_gas_cylinder.mdl","qe_gas_cylinder"
"models/props_guestionableethics/qe_gas_holder.mdl","qe_gas_holder"
"models/props_guestionableethics/qe_jenn0desk.mdl","qe_jenn0desk"
"models/props_guestionableethics/qe_portraitframe.mdl","qe_portraitframe"
"models/props_guestionableethics/qe_primeconsole_auxpannel.mdl","qe_primeconsole_auxpannel"
"models/props_guestionableethics/qe_tv_plasma.mdl","qe_tv_plasma"
"models/props_guestionableethics/snark_pen_console.mdl","snark_pen_console"
"models/props_inbound/drill_press.mdl","drill_press"
"models/props_inbound/fiberglass_ladder.mdl","fiberglass_ladder"
"models/props_inbound/tray_truck.mdl","tray_truck"
"models/props_industrial/barrel_drainer.mdl","barrel_drainer"
"models/props_industrial/cagelight03a.mdl","cagelight03a"
"models/props_industrial/control_console_001.mdl","control_console_001"
"models/props_industrial/cryotank_01.mdl","cryotank_01"
"models/props_industrial/cylinder_store.mdl","cylinder_store"
"models/props_industrial/desk_console1.mdl","desk_console1"
"models/props_industrial/faf_lever_box.mdl","faf_lever_box"
"models/props_industrial/floodlight.mdl","floodlight"
"models/props_industrial/handtruck.mdl","handtruck"
"models/props_industrial/largetoolbox.mdl","largetoolbox"
"models/props_industrial/largetoolbox_static.mdl","largetoolbox_static"
"models/props_industrial/powerbox_large_01.mdl","powerbox_large_01"
"models/props_industrial/service_terminal.mdl","service_terminal"
"models/props_industrial/steelshelf01.mdl","steelshelf01"
"models/props_industrial/steelshelf01_static.mdl","steelshelf01_static"
"models/props_industrial/toolbox.mdl","toolbox"
"models/props_industrial/wall_console1.mdl","wall_console1"
"models/props_industrial/wall_console2.mdl","wall_console2"
"models/props_industrial/wall_console_sm.mdl","wall_console_sm"
"models/props_industrial/warehouse_rack_infosign.mdl","warehouse_rack_infosign"
"models/props_industrial/warehouse_shelf001.mdl","warehouse_shelf001"
"models/props_industrial/welder.mdl","welder"
"models/props_industrial/welder_static.mdl","welder_static"
"models/props_interiors/bathroomsink01.mdl","bathroomsink01"
"models/props_interiors/chair_office2.mdl","chair_office2"
"models/props_interiors/chair_office2_static.mdl","chair_office2_static"
"models/props_interiors/toilet.mdl","toilet"
"models/props_interiors/toiletpaperdispenser_commercial.mdl","toiletpaperdispenser_commercial"
"models/props_interiors/toilet_b.mdl","toilet_b"
"models/props_interiors/toilet_c.mdl","toilet_c"
"models/props_junk/coffeemug01b.mdl","coffeemug01b"
"models/props_junk/coffeemug01b_static.mdl","coffeemug01b_static"
"models/props_junk/junk_earmuffs.mdl","junk_earmuffs"
"models/props_junk/mopbucket01.mdl","mopbucket01"
"models/props_junk/mopbucket01_static.mdl","mopbucket01_static"
"models/props_junk/propanecanister001a.mdl","propanecanister001a"
"models/props_junk/warehouse_pallet01.mdl","warehouse_pallet01"
"models/props_junk/warehouse_pallet01_static.mdl","warehouse_pallet01_static"
"models/props_junk/warehouse_pallet02.mdl","warehouse_pallet02"
"models/props_junk/warehouse_pallet02_static.mdl","warehouse_pallet02_static"
"models/props_junk/warehouse_pallet03.mdl","warehouse_pallet03"
"models/props_junk/warehouse_pallet03_static.mdl","warehouse_pallet03_static"
"models/props_junk/warehouse_pallet04.mdl","warehouse_pallet04"
"models/props_junk/warehouse_pallet04_static.mdl","warehouse_pallet04_static"
"models/props_junk/wetfloorsign.mdl","wetfloorsign"
"models/props_junk/wetfloorsign_static.mdl","wetfloorsign_static"
"models/props_lambda/clusters/lc_d_cluster033.mdl","lc_d_cluster033"
"models/props_medical/gurney.mdl","gurney"
"models/props_medical/gurney_static.mdl","gurney_static"
"models/props_mill/pipeset32d_corner128d_001a.mdl","pipeset32d_corner128d_001a"
"models/props_oar/jbox_16x16.mdl","jbox_16x16"
"models/props_oar/jbox_24.mdl","jbox_24"
"models/props_oar/jbox_48.mdl","jbox_48"
"models/props_oar/power_cabinet_72x32.mdl","power_cabinet_72x32"
"models/props_oar/power_cabinet_96x64.mdl","power_cabinet_96x64"
"models/props_pipes/gaspipe01_256.mdl","gaspipe01_256"
"models/props_pipes/gaspipe01_512.mdl","gaspipe01_512"
"models/props_pipes/gaspipe01_64.mdl","gaspipe01_64"
"models/props_pipes/gaspipe01_turn90.mdl","gaspipe01_turn90"
"models/props_pipes/gasworks_pipesystem04.mdl","gasworks_pipesystem04"
"models/props_pipes/pipe02_90degree01.mdl","pipe02_90degree01"
"models/props_pipes/pipe02_connector01.mdl","pipe02_connector01"
"models/props_pipes/pipe02_lcurve01_long.mdl","pipe02_lcurve01_long"
"models/props_pipes/pipe02_lcurve02_short.mdl","pipe02_lcurve02_short"
"models/props_pipes/pipe02_scurve01_long.mdl","pipe02_scurve01_long"
"models/props_pipes/pipe02_straight01_long.mdl","pipe02_straight01_long"
"models/props_pipes/pipe02_straight01_short.mdl","pipe02_straight01_short"
"models/props_pipes/pipe02_tjoint01.mdl","pipe02_tjoint01"
"models/props_pipes/pipe03_90degree01.mdl","pipe03_90degree01"
"models/props_pipes/pipe03_connector01.mdl","pipe03_connector01"
"models/props_pipes/pipe03_straight01_long.mdl","pipe03_straight01_long"
"models/props_pipes/pipe03_straight01_short.mdl","pipe03_straight01_short"
"models/props_pipes/pipe03_tjoint01.mdl","pipe03_tjoint01"
"models/props_pipes/pipeset02d_256_001a.mdl","pipeset02d_256_001a"
"models/props_pipes/pipeset02d_corner128d_001a.mdl","pipeset02d_corner128d_001a"
"models/props_pipes/xen_factorypipe01a_64x16.mdl","xen_factorypipe01a_64x16"
"models/props_pipes/xen_factorypipe01_turn90x16.mdl","xen_factorypipe01_turn90x16"
"models/props_powerup/controlconsole01.mdl","controlconsole01"
"models/props_powerup/lowerconsole01.mdl","lowerconsole01"
"models/props_residue/trashcan01.mdl","trashcan01"
"models/props_rooftop/acunit02.mdl","acunit02"
"models/props_silo/silo_elevator.mdl","silo_elevator"
"models/props_skybox/van.mdl","van"
"models/props_st/c2a5f_cabinet_item.mdl","c2a5f_cabinet_item"
"models/props_stalkyard/sy_pallet.mdl","sy_pallet"
"models/props_stalkyard/sy_plankcrate.mdl","sy_plankcrate"
"models/props_stalkyard/sy_plankcrate_long.mdl","sy_plankcrate_long"
"models/props_stalkyard/sy_plankcrate_short.mdl","sy_plankcrate_short"
"models/props_stalkyard/sy_plankcrate_small_48.mdl","sy_plankcrate_small_48"
"models/props_stalkyard/sy_plankcrate_small_64.mdl","sy_plankcrate_small_64"
"models/props_stalkyard/sy_plankcrate_tarp.mdl","sy_plankcrate_tarp"
"models/props_stalkyard/sy_plywoodcrate.mdl","sy_plywoodcrate"
"models/props_stalkyard/sy_plywoodcrate_tarp.mdl","sy_plywoodcrate_tarp"
"models/props_stu/kiosk.mdl","kiosk"
"models/props_trainstation/train_wheels1.mdl","train_wheels1"
"models/props_uc/c1a1c_thermometer.mdl","c1a1c_thermometer"
"models/props_wasteland/controlroom_desk001b_static.mdl","controlroom_desk001b_static"
"models/props_wasteland/controlroom_filecabinet002a_static.mdl","controlroom_filecabinet002a_static"
"models/props_wasteland/coolingtank02.mdl","coolingtank02"
"models/shaky/chaos_sup_spawn_anims.mdl","chaos_sup_spawn_anims"
"models/shaky/cultist_anims.mdl","cultist_anims"
"models/shaky/emotes.mdl","emotes"
"models/shaky/fbi_sup_spawn_anims.mdl","fbi_sup_spawn_anims"
"models/shaky/new_anims.mdl","new_anims"
"models/shaky/rus_sup_spawn_anims.mdl","rus_sup_spawn_anims"
"models/static/wallchair/lavka.mdl","lavka"
"models/testmodels/sofa_double.mdl","sofa_double"
"models/testmodels/sofa_single.mdl","sofa_single"
"models/vinrax/props/rubber_duck.mdl","rubber_duck"
"models/vinrax/scp294/scp294.mdl","scp294"
